/*
 Navicat Premium Dump SQL

 Source Server         : myhost
 Source Server Type    : MySQL
 Source Server Version : 80401 (8.4.1)
 Source Host           : localhost:3306
 Source Schema         : scsms

 Target Server Type    : MySQL
 Target Server Version : 80401 (8.4.1)
 File Encoding         : 65001

 Date: 09/07/2025 23:38:42
*/

SET NAMES utf8mb4;
SET FOREIGN_KEY_CHECKS = 0;

-- ----------------------------
-- Table structure for clazz
-- ----------------------------
DROP TABLE IF EXISTS `clazz`;
CREATE TABLE `clazz`  (
  `id` int NOT NULL AUTO_INCREMENT COMMENT '班级id',
  `name` varchar(50) CHARACTER SET utf8mb3 COLLATE utf8mb3_general_ci NULL DEFAULT NULL COMMENT '班级名称',
  `grade_id` int NULL DEFAULT NULL COMMENT '年级id',
  PRIMARY KEY (`id`) USING BTREE,
  INDEX `grade_id`(`grade_id` ASC) USING BTREE,
  CONSTRAINT `clazz_ibfk_1` FOREIGN KEY (`grade_id`) REFERENCES `grade` (`id`) ON DELETE CASCADE ON UPDATE CASCADE
) ENGINE = InnoDB AUTO_INCREMENT = 1321 CHARACTER SET = utf8mb3 COLLATE = utf8mb3_general_ci ROW_FORMAT = DYNAMIC;

-- ----------------------------
-- Records of clazz
-- ----------------------------
INSERT INTO `clazz` VALUES (1301, '计算1班', 20221001);
INSERT INTO `clazz` VALUES (1302, '计算2班', 20221001);
INSERT INTO `clazz` VALUES (1303, '软件1班', 20221001);
INSERT INTO `clazz` VALUES (1304, '软件2班', 20221001);
INSERT INTO `clazz` VALUES (1305, '创新智科班', 20221001);
INSERT INTO `clazz` VALUES (1306, '大数据1班', 20231002);
INSERT INTO `clazz` VALUES (1307, '大数据2班', 20231002);
INSERT INTO `clazz` VALUES (1308, '信安1班', 20231002);
INSERT INTO `clazz` VALUES (1309, '信安2班', 20231002);
INSERT INTO `clazz` VALUES (1310, '计算机类1班', 20241003);
INSERT INTO `clazz` VALUES (1311, '计算机类2班', 20241003);

-- ----------------------------
-- Table structure for clazz_course_teacher
-- ----------------------------
DROP TABLE IF EXISTS `clazz_course_teacher`;
CREATE TABLE `clazz_course_teacher`  (
  `id` int NOT NULL AUTO_INCREMENT COMMENT 'id',
  `clazz_id` int NULL DEFAULT NULL COMMENT '班级id',
  `grade_id` int NULL DEFAULT NULL COMMENT '年级ID',
  `course_id` int NULL DEFAULT NULL COMMENT '课程ID',
  `teacher_id` int NULL DEFAULT NULL COMMENT '教师id',
  PRIMARY KEY (`id`) USING BTREE,
  INDEX `teacher_ink_1`(`teacher_id` ASC) USING BTREE,
  INDEX `teacher_ink_2`(`clazz_id` ASC) USING BTREE,
  CONSTRAINT `teacher_ink_1` FOREIGN KEY (`teacher_id`) REFERENCES `teacher` (`id`) ON DELETE CASCADE ON UPDATE CASCADE,
  CONSTRAINT `teacher_ink_2` FOREIGN KEY (`clazz_id`) REFERENCES `clazz` (`id`) ON DELETE CASCADE ON UPDATE CASCADE
) ENGINE = InnoDB AUTO_INCREMENT = 143 CHARACTER SET = utf8mb3 COLLATE = utf8mb3_general_ci COMMENT = '老师_班级_课程表' ROW_FORMAT = DYNAMIC;

-- ----------------------------
-- Records of clazz_course_teacher
-- ----------------------------
INSERT INTO `clazz_course_teacher` VALUES (71, 1301, 20221001, 1208, 31);
INSERT INTO `clazz_course_teacher` VALUES (72, 1305, 20221001, 1208, 31);
INSERT INTO `clazz_course_teacher` VALUES (73, 1301, 20221001, 1208, 32);
INSERT INTO `clazz_course_teacher` VALUES (75, 1302, 20221001, 1208, 33);
INSERT INTO `clazz_course_teacher` VALUES (76, 1303, 20221001, 1209, 34);
INSERT INTO `clazz_course_teacher` VALUES (77, 1302, 20221001, 1210, 34);
INSERT INTO `clazz_course_teacher` VALUES (78, 1306, 20231002, 1204, 35);
INSERT INTO `clazz_course_teacher` VALUES (79, 1309, 20231002, 1207, 35);
INSERT INTO `clazz_course_teacher` VALUES (80, 1303, 20221001, 1209, 36);
INSERT INTO `clazz_course_teacher` VALUES (82, 1306, 20231002, 1205, 37);
INSERT INTO `clazz_course_teacher` VALUES (83, 1304, 20221001, 1208, 38);
INSERT INTO `clazz_course_teacher` VALUES (84, 1302, 20221001, 1209, 38);
INSERT INTO `clazz_course_teacher` VALUES (85, 1304, 20221001, 1210, 39);
INSERT INTO `clazz_course_teacher` VALUES (86, 1304, 20221001, 1211, 40);
INSERT INTO `clazz_course_teacher` VALUES (87, 1305, 20221001, 1208, 40);
INSERT INTO `clazz_course_teacher` VALUES (88, 1305, 20221001, 1209, 41);
INSERT INTO `clazz_course_teacher` VALUES (92, 1305, 20221001, 1211, 42);
INSERT INTO `clazz_course_teacher` VALUES (94, 1306, 20231002, 1205, 43);
INSERT INTO `clazz_course_teacher` VALUES (96, 1306, 20231002, 1206, 44);
INSERT INTO `clazz_course_teacher` VALUES (97, 1307, 20231002, 1204, 44);
INSERT INTO `clazz_course_teacher` VALUES (98, 1308, 20231002, 1205, 45);
INSERT INTO `clazz_course_teacher` VALUES (121, 1307, 20231002, 1204, 47);
INSERT INTO `clazz_course_teacher` VALUES (122, 1308, 20231002, 1205, 47);
INSERT INTO `clazz_course_teacher` VALUES (140, 1306, 20231002, 1207, 51);
INSERT INTO `clazz_course_teacher` VALUES (141, 1309, 20231002, 1206, 51);
INSERT INTO `clazz_course_teacher` VALUES (142, 1310, 20241003, 1202, 52);

-- ----------------------------
-- Table structure for counselor
-- ----------------------------
DROP TABLE IF EXISTS `counselor`;
CREATE TABLE `counselor`  (
  `id` int NOT NULL AUTO_INCREMENT,
  `counselor_id` int NULL DEFAULT NULL,
  `counselor_name` varchar(255) CHARACTER SET utf8mb3 COLLATE utf8mb3_general_ci NULL DEFAULT NULL,
  `sex` varchar(255) CHARACTER SET utf8mb3 COLLATE utf8mb3_general_ci NULL DEFAULT NULL,
  `age` int NULL DEFAULT NULL,
  `phone` varchar(255) CHARACTER SET utf8mb3 COLLATE utf8mb3_general_ci NULL DEFAULT NULL,
  `grade_id` int NULL DEFAULT NULL,
  PRIMARY KEY (`id`) USING BTREE
) ENGINE = InnoDB AUTO_INCREMENT = 6 CHARACTER SET = utf8mb3 COLLATE = utf8mb3_general_ci ROW_FORMAT = DYNAMIC;

-- ----------------------------
-- Records of counselor
-- ----------------------------
INSERT INTO `counselor` VALUES (1, 1006, '李小好', '女', 25, '17307773465', 20221001);
INSERT INTO `counselor` VALUES (2, 1009, '何回', '女', 35, '13007792211', 20231002);
INSERT INTO `counselor` VALUES (5, 1015, '花希', '女', 36, '15707333421', 20241003);

-- ----------------------------
-- Table structure for course
-- ----------------------------
DROP TABLE IF EXISTS `course`;
CREATE TABLE `course`  (
  `id` int NOT NULL AUTO_INCREMENT COMMENT '课程ID',
  `name` varchar(50) CHARACTER SET utf8mb3 COLLATE utf8mb3_general_ci NULL DEFAULT NULL COMMENT '课程名称',
  PRIMARY KEY (`id`) USING BTREE
) ENGINE = InnoDB AUTO_INCREMENT = 1212 CHARACTER SET = utf8mb3 COLLATE = utf8mb3_general_ci COMMENT = '课程信息表' ROW_FORMAT = DYNAMIC;

-- ----------------------------
-- Records of course
-- ----------------------------
INSERT INTO `course` VALUES (1201, '大学语文');
INSERT INTO `course` VALUES (1202, '高等数学');
INSERT INTO `course` VALUES (1203, '大学英语');
INSERT INTO `course` VALUES (1204, '数据结构与算法');
INSERT INTO `course` VALUES (1205, '计算机科学导论');
INSERT INTO `course` VALUES (1206, '计算机网络');
INSERT INTO `course` VALUES (1207, '大学生职业生涯规划');
INSERT INTO `course` VALUES (1208, '数据库原理与应用');
INSERT INTO `course` VALUES (1209, '改革开放史');
INSERT INTO `course` VALUES (1210, '大学生创业基础');
INSERT INTO `course` VALUES (1211, '操作系统');

-- ----------------------------
-- Table structure for course_selection
-- ----------------------------
DROP TABLE IF EXISTS `course_selection`;
CREATE TABLE `course_selection`  (
  `id` int NOT NULL AUTO_INCREMENT,
  `student_id` int NULL DEFAULT NULL,
  `stu_name` varchar(150) CHARACTER SET utf8mb3 COLLATE utf8mb3_general_ci NULL DEFAULT NULL,
  `stu_id` int NULL DEFAULT NULL,
  `course_id` int NULL DEFAULT NULL,
  `course_name` varchar(300) CHARACTER SET utf8mb3 COLLATE utf8mb3_general_ci NULL DEFAULT NULL,
  `selection_time` datetime NULL DEFAULT NULL,
  `status` varchar(60) CHARACTER SET utf8mb3 COLLATE utf8mb3_general_ci NULL DEFAULT NULL,
  `remark` varchar(765) CHARACTER SET utf8mb3 COLLATE utf8mb3_general_ci NULL DEFAULT NULL,
  INDEX `id`(`id` ASC) USING BTREE
) ENGINE = InnoDB AUTO_INCREMENT = 250 CHARACTER SET = utf8mb3 COLLATE = utf8mb3_general_ci ROW_FORMAT = DYNAMIC;

-- ----------------------------
-- Records of course_selection
-- ----------------------------
INSERT INTO `course_selection` VALUES (7, 5, '陶成龙', 2022001007, 3, '大学英语', '2025-09-05 16:45:00', '已通过', '免修申请中');
INSERT INTO `course_selection` VALUES (8, 1, '苏圣', 2022001001, 2, '高等数学', '2025-09-01 09:15:00', '已通过', '数学成绩优秀');
INSERT INTO `course_selection` VALUES (9, 1, '苏圣', 2022001001, 4, '数据结构与算法', '2025-09-01 10:30:00', '已通过', '主修课程');
INSERT INTO `course_selection` VALUES (10, 2, '梁宇明', 2022001002, 3, '大学英语', '2025-09-01 11:45:00', '已通过', '四级已过');
INSERT INTO `course_selection` VALUES (11, 3, '李德港', 2022001003, 1, '大学语文', '2025-09-02 08:20:00', '待审核', NULL);
INSERT INTO `course_selection` VALUES (12, 4, '黎电帅', 2022001004, 5, '计算机科学导论', '2025-09-02 14:10:00', '已通过', '新生必修');
INSERT INTO `course_selection` VALUES (13, 5, '何太孟', 2022001005, 6, '计算机网络', '2025-09-03 10:05:00', '已拒绝', '先修课程未完成');
INSERT INTO `course_selection` VALUES (14, 6, '罗昌袍', 2022001006, 7, '大学生职业生涯规划', '2025-09-03 15:30:00', '已通过', NULL);
INSERT INTO `course_selection` VALUES (15, 7, '陶成龙', 2022001007, 8, '数据库原理与应用', '2025-09-04 09:00:00', '待审核', '需要实践机会');
INSERT INTO `course_selection` VALUES (16, 8, '刘安族', 2022001008, 9, '改革开放史', '2025-09-04 13:45:00', '已通过', '历史爱好者');
INSERT INTO `course_selection` VALUES (17, 9, '孔增', 2022001009, 10, '大学生创业基础', '2025-09-05 11:20:00', '已通过', '创业项目准备中');
INSERT INTO `course_selection` VALUES (18, 10, '吴海龙', 2022001010, 11, '操作系统', '2025-09-05 16:00:00', '待审核', NULL);
INSERT INTO `course_selection` VALUES (19, 11, '夏明升', 2022002001, 2, '高等数学', '2025-09-06 08:30:00', '已通过', '数学竞赛获奖');
INSERT INTO `course_selection` VALUES (20, 12, '孙运', 2022002002, 3, '大学英语', '2025-09-06 10:15:00', '已拒绝', '时间冲突');
INSERT INTO `course_selection` VALUES (21, 13, '王欣乐', 2022002003, 4, '数据结构与算法', '2025-09-07 14:00:00', '已通过', '编程基础好');
INSERT INTO `course_selection` VALUES (22, 14, '陈磊', 2022002004, 5, '计算机科学导论', '2025-09-07 16:20:00', '待审核', NULL);
INSERT INTO `course_selection` VALUES (23, 15, '张玉恒', 2022002005, 6, '计算机网络', '2025-09-08 09:45:00', '已通过', '网络工程方向');
INSERT INTO `course_selection` VALUES (24, 16, '杨竞茜', 2022002006, 7, '大学生职业生涯规划', '2025-09-08 11:30:00', '已通过', NULL);
INSERT INTO `course_selection` VALUES (25, 17, '王彬', 2022002007, 8, '数据库原理与应用', '2025-09-09 13:15:00', '待审核', '对数据库感兴趣');
INSERT INTO `course_selection` VALUES (26, 18, '刘欣怡', 2022002008, 9, '改革开放史', '2025-09-09 15:00:00', '已通过', '选修学分');
INSERT INTO `course_selection` VALUES (27, 19, '桂昂', 2022002009, 10, '大学生创业基础', '2025-09-10 10:40:00', '已拒绝', '已修过类似课程');
INSERT INTO `course_selection` VALUES (28, 20, '王水玲', 2022002010, 11, '操作系统', '2025-09-10 14:25:00', '已通过', '系统开发方向');
INSERT INTO `course_selection` VALUES (29, 21, '吴林峰', 2022003001, 1, '大学语文', '2025-09-11 08:50:00', '已通过', '文学爱好者');
INSERT INTO `course_selection` VALUES (30, 22, '周长久', 2022003002, 2, '高等数学', '2025-09-11 12:35:00', '待审核', NULL);
INSERT INTO `course_selection` VALUES (31, 23, '陈静', 2022003003, 3, '大学英语', '2025-09-12 09:10:00', '已通过', '英语专业辅修');
INSERT INTO `course_selection` VALUES (32, 24, '郭敏', 2022003004, 4, '数据结构与算法', '2025-09-12 15:55:00', '已通过', '算法竞赛准备');
INSERT INTO `course_selection` VALUES (33, 25, '唐金玉', 2022003005, 5, '计算机科学导论', '2025-09-13 11:20:00', '已拒绝', '课程内容重复');
INSERT INTO `course_selection` VALUES (34, 26, '李芋青', 2022003006, 6, '计算机网络', '2025-09-13 16:05:00', '已通过', NULL);
INSERT INTO `course_selection` VALUES (35, 27, '李炬宏', 2022003007, 7, '大学生职业生涯规划', '2025-09-14 10:30:00', '待审核', '职业咨询需求');
INSERT INTO `course_selection` VALUES (36, 28, '席萍', 2022003008, 8, '数据库原理与应用', '2025-09-14 14:15:00', '已通过', '数据库管理员方向');
INSERT INTO `course_selection` VALUES (37, 29, '张二军', 2022003009, 9, '改革开放史', '2025-09-15 08:40:00', '已通过', '历史选修课');
INSERT INTO `course_selection` VALUES (38, 30, '鲜广川', 2022003010, 10, '大学生创业基础', '2025-09-15 12:25:00', '已通过', '创业计划中');
INSERT INTO `course_selection` VALUES (41, 33, '林高平', 2022004004, 2, '高等数学', '2025-09-17 11:00:00', '已拒绝', '数学基础薄弱');
INSERT INTO `course_selection` VALUES (42, 34, '何娟', 2022004005, 3, '大学英语', '2025-09-17 16:45:00', '已通过', '雅思备考');
INSERT INTO `course_selection` VALUES (43, 35, '郭彩霞', 2022004006, 4, '数据结构与算法', '2025-09-18 10:10:00', '已通过', '编程竞赛选手');
INSERT INTO `course_selection` VALUES (44, 36, '杨玲', 2022004007, 5, '计算机科学导论', '2025-09-18 14:55:00', '待审核', NULL);
INSERT INTO `course_selection` VALUES (45, 37, '袁梦知', 2022004008, 6, '计算机网络', '2025-09-19 08:20:00', '已通过', '网络安全管理方向');
INSERT INTO `course_selection` VALUES (46, 38, '袁郡', 2022004009, 7, '大学生职业生涯规划', '2025-09-19 12:05:00', '已通过', '职业测评高分');
INSERT INTO `course_selection` VALUES (48, 40, '周于莉', 2022004010, 9, '改革开放史', '2025-09-20 15:15:00', '已通过', '历史研究兴趣');
INSERT INTO `course_selection` VALUES (49, 41, '杨金源', 2022004011, 10, '大学生创业基础', '2025-09-21 10:40:00', '待审核', '创业项目构思');
INSERT INTO `course_selection` VALUES (50, 42, '苏圣', 2022012001, 11, '操作系统', '2025-09-21 14:25:00', '已通过', '系统开发方向');
INSERT INTO `course_selection` VALUES (51, 43, '廖钦源', 2022012002, 1, '大学语文', '2025-09-22 08:50:00', '已通过', '文学社成员');
INSERT INTO `course_selection` VALUES (52, 44, '罗芷珊', 2022012003, 2, '高等数学', '2025-09-22 12:35:00', '已通过', '数学建模参赛');
INSERT INTO `course_selection` VALUES (53, 45, '甘承健', 2022012004, 3, '大学英语', '2025-09-23 09:10:00', '待审核', NULL);
INSERT INTO `course_selection` VALUES (54, 46, '黄金水', 2022012005, 4, '数据结构与算法', '2025-09-23 15:55:00', '已通过', 'ACM竞赛准备');
INSERT INTO `course_selection` VALUES (55, 47, '黎保良', 2022012006, 5, '计算机科学导论', '2025-09-24 11:20:00', '已拒绝', '内容太基础');
INSERT INTO `course_selection` VALUES (56, 48, '卢月梅', 2022012007, 6, '计算机网络', '2025-09-24 16:05:00', '已通过', '网络工程师方向');
INSERT INTO `course_selection` VALUES (57, 49, '李诗婷', 2022012008, 7, '大学生职业生涯规划', '2025-09-25 10:30:00', '已通过', NULL);
INSERT INTO `course_selection` VALUES (58, 50, '莫家维', 2022012009, 8, '数据库原理与应用', '2025-09-25 14:15:00', '待审核', '数据库优化兴趣');
INSERT INTO `course_selection` VALUES (59, 51, '徐杰慧', 2022012010, 9, '改革开放史', '2025-09-26 08:40:00', '已通过', '历史选修学分');
INSERT INTO `course_selection` VALUES (60, 52, '何欣阳', 2023001001, 10, '大学生创业基础', '2025-09-26 12:25:00', '已通过', '创业计划书撰写');
INSERT INTO `course_selection` VALUES (61, 53, '邢芮宁', 2023001002, 11, '操作系统', '2025-09-27 09:50:00', '已拒绝', '先修课程不足');
INSERT INTO `course_selection` VALUES (62, 54, '邢芮', 2023001003, 1, '大学语文', '2025-09-27 15:35:00', '已通过', '写作能力提升');
INSERT INTO `course_selection` VALUES (63, 55, '陈芳', 2023001004, 2, '高等数学', '2025-09-28 11:00:00', '待审核', NULL);
INSERT INTO `course_selection` VALUES (64, 56, '席渝程', 2023001005, 3, '大学英语', '2025-09-28 16:45:00', '已通过', '出国留学准备');
INSERT INTO `course_selection` VALUES (65, 57, '李欣', 2023001006, 4, '数据结构与算法', '2025-09-29 10:10:00', '已通过', '算法研究兴趣');
INSERT INTO `course_selection` VALUES (66, 58, '陈云兆', 2023001007, 5, '计算机科学导论', '2025-09-29 14:55:00', '已通过', '新生引导课程');
INSERT INTO `course_selection` VALUES (67, 59, '鲜娜', 2023001008, 6, '计算机网络', '2025-09-30 08:20:00', '待审核', '网络安全方向');
INSERT INTO `course_selection` VALUES (68, 60, '肖棚', 2023001009, 7, '大学生职业生涯规划', '2025-09-30 12:05:00', '已通过', '职业规划咨询');
INSERT INTO `course_selection` VALUES (69, 61, '张宝军', 2023001010, 8, '数据库原理与应用', '2025-10-01 09:30:00', '已通过', NULL);
INSERT INTO `course_selection` VALUES (70, 62, '貂蝉', 2023002001, 9, '改革开放史', '2025-10-01 15:15:00', '已通过', '历史研究选修');
INSERT INTO `course_selection` VALUES (71, 63, '李白', 2023002002, 10, '大学生创业基础', '2025-10-02 10:40:00', '已拒绝', '已创业学生');
INSERT INTO `course_selection` VALUES (72, 64, '赵云', 2023002003, 11, '操作系统', '2025-10-02 14:25:00', '已通过', '系统开发方向');
INSERT INTO `course_selection` VALUES (73, 65, '王昭君', 2023002004, 1, '大学语文', '2025-10-03 08:50:00', '已通过', '文学创作兴趣');
INSERT INTO `course_selection` VALUES (74, 66, '夏侯惇', 2023002005, 2, '高等数学', '2025-10-03 12:35:00', '已通过', '数学专业辅修');
INSERT INTO `course_selection` VALUES (75, 67, '韩信', 2023002006, 3, '大学英语', '2025-10-04 09:10:00', '已通过', '翻译方向');
INSERT INTO `course_selection` VALUES (76, 68, '杨玉环', 2023002007, 4, '数据结构与算法', '2025-10-04 15:55:00', '已通过', '编程竞赛准备');
INSERT INTO `course_selection` VALUES (78, 70, '澜', 2023002009, 6, '计算机网络', '2025-10-05 16:05:00', '已通过', '网络工程方向');
INSERT INTO `course_selection` VALUES (79, 71, '夏洛特', 2023002010, 7, '大学生职业生涯规划', '2025-10-06 10:30:00', '已通过', '职业测评高分');
INSERT INTO `course_selection` VALUES (80, 72, '李青', 2023003001, 8, '数据库原理与应用', '2025-10-06 14:15:00', '已通过', '数据库管理兴趣');
INSERT INTO `course_selection` VALUES (81, 73, '李月', 2023003002, 9, '改革开放史', '2025-10-07 08:40:00', '已拒绝', '时间冲突');
INSERT INTO `course_selection` VALUES (82, 74, '思晴', 2023003003, 10, '大学生创业基础', '2025-10-07 12:25:00', '已通过', '创业项目构思');
INSERT INTO `course_selection` VALUES (83, 75, '李少冬', 2023003004, 11, '操作系统', '2025-10-08 09:50:00', '已拒绝', '系统优化研究');
INSERT INTO `course_selection` VALUES (84, 76, '张二狗', 2023003005, 1, '大学语文', '2025-10-08 15:35:00', '已通过', '写作能力提升');
INSERT INTO `course_selection` VALUES (85, 77, '朱松', 2023003006, 2, '高等数学', '2025-10-09 11:00:00', '已通过', '数学建模参赛');
INSERT INTO `course_selection` VALUES (86, 78, '唐洋', 2023003007, 3, '大学英语', '2025-10-09 16:45:00', '已通过', '雅思备考');
INSERT INTO `course_selection` VALUES (89, 81, '卢布', 2023003010, 6, '计算机网络', '2025-10-11 08:20:00', '已通过', '网络安全方向');
INSERT INTO `course_selection` VALUES (90, 82, '胡元薰', 2023004001, 7, '大学生职业生涯规划', '2025-10-11 12:05:00', '已通过', '职业咨询需求');
INSERT INTO `course_selection` VALUES (91, 83, '苟思琪', 2023004002, 8, '数据库原理与应用', '2025-10-12 09:30:00', '已拒绝', '已修高级课程');
INSERT INTO `course_selection` VALUES (92, 84, '袁林', 2023004003, 9, '改革开放史', '2025-10-12 15:15:00', '已通过', '历史选修学分');
INSERT INTO `course_selection` VALUES (93, 85, '罗玲', 2023004004, 10, '大学生创业基础', '2025-10-13 10:40:00', '已拒绝', '创业计划准备');
INSERT INTO `course_selection` VALUES (249, 431, '周于莉', 2022004010, 1206, '计算机网络', '2025-07-05 09:33:24', '待审核', '');

-- ----------------------------
-- Table structure for escore
-- ----------------------------
DROP TABLE IF EXISTS `escore`;
CREATE TABLE `escore`  (
  `id` int NOT NULL AUTO_INCREMENT COMMENT 'id',
  `exam_id` int NULL DEFAULT NULL COMMENT '考试id',
  `clazz_id` int NULL DEFAULT NULL COMMENT '班级id',
  `student_id` int NULL DEFAULT NULL COMMENT '学生id',
  `grade_id` int NULL DEFAULT NULL COMMENT '年级id',
  `course_id` int NULL DEFAULT NULL COMMENT '课程id',
  `score` int NULL DEFAULT NULL COMMENT '分数',
  PRIMARY KEY (`id`) USING BTREE,
  INDEX `exam_id`(`exam_id` ASC) USING BTREE,
  INDEX `escore_student_ink_2`(`student_id` ASC) USING BTREE,
  INDEX `escore_escore_ink_3`(`clazz_id` ASC) USING BTREE,
  CONSTRAINT `escore_escore_ink_3` FOREIGN KEY (`clazz_id`) REFERENCES `clazz` (`id`) ON DELETE CASCADE ON UPDATE CASCADE,
  CONSTRAINT `escore_ibfk_1` FOREIGN KEY (`exam_id`) REFERENCES `exam` (`id`) ON DELETE CASCADE ON UPDATE CASCADE,
  CONSTRAINT `escore_student_ink_2` FOREIGN KEY (`student_id`) REFERENCES `student` (`id`) ON DELETE CASCADE ON UPDATE CASCADE
) ENGINE = InnoDB AUTO_INCREMENT = 1376 CHARACTER SET = utf8mb3 COLLATE = utf8mb3_general_ci COMMENT = '分数表' ROW_FORMAT = DYNAMIC;

-- ----------------------------
-- Records of escore
-- ----------------------------
INSERT INTO `escore` VALUES (574, 5208, 1304, 422, 20221001, 1208, 52);
INSERT INTO `escore` VALUES (575, 5209, 1304, 422, 20221001, 1209, 59);
INSERT INTO `escore` VALUES (576, 5210, 1304, 422, 20221001, 1210, 89);
INSERT INTO `escore` VALUES (577, 5211, 1304, 422, 20221001, 1211, 66);
INSERT INTO `escore` VALUES (578, 5208, 1304, 423, 20221001, 1208, 63);
INSERT INTO `escore` VALUES (579, 5209, 1304, 423, 20221001, 1209, 68);
INSERT INTO `escore` VALUES (580, 5210, 1304, 423, 20221001, 1210, 100);
INSERT INTO `escore` VALUES (581, 5211, 1304, 423, 20221001, 1211, 94);
INSERT INTO `escore` VALUES (582, 5208, 1304, 424, 20221001, 1208, 69);
INSERT INTO `escore` VALUES (583, 5209, 1304, 424, 20221001, 1209, 67);
INSERT INTO `escore` VALUES (584, 5210, 1305, 424, 20221001, 1210, 78);
INSERT INTO `escore` VALUES (585, 5211, 1305, 424, 20221001, 1211, 86);
INSERT INTO `escore` VALUES (586, 5208, 1305, 425, 20221001, 1208, 97);
INSERT INTO `escore` VALUES (587, 5209, 1305, 425, 20221001, 1209, 77);
INSERT INTO `escore` VALUES (588, 5210, 1305, 425, 20221001, 1210, 93);
INSERT INTO `escore` VALUES (589, 5211, 1305, 425, 20221001, 1211, 85);
INSERT INTO `escore` VALUES (590, 5208, 1305, 426, 20221001, 1208, 96);
INSERT INTO `escore` VALUES (591, 5209, 1305, 426, 20221001, 1209, 71);
INSERT INTO `escore` VALUES (592, 5210, 1305, 426, 20221001, 1210, 70);
INSERT INTO `escore` VALUES (593, 5211, 1305, 426, 20221001, 1211, 88);
INSERT INTO `escore` VALUES (594, 5208, 1302, 427, 20221001, 1208, 79);
INSERT INTO `escore` VALUES (595, 5209, 1302, 427, 20221001, 1209, 83);
INSERT INTO `escore` VALUES (596, 5210, 1302, 427, 20221001, 1210, 76);
INSERT INTO `escore` VALUES (597, 5211, 1302, 427, 20221001, 1211, 80);
INSERT INTO `escore` VALUES (598, 5208, 1302, 428, 20221001, 1208, 75);
INSERT INTO `escore` VALUES (599, 5209, 1302, 428, 20221001, 1209, 82);
INSERT INTO `escore` VALUES (600, 5210, 1302, 428, 20221001, 1210, 85);
INSERT INTO `escore` VALUES (601, 5211, 1302, 428, 20221001, 1211, 80);
INSERT INTO `escore` VALUES (602, 5208, 1302, 429, 20221001, 1208, 96);
INSERT INTO `escore` VALUES (603, 5209, 1302, 429, 20221001, 1209, 88);
INSERT INTO `escore` VALUES (604, 5210, 1301, 429, 20221001, 1210, 51);
INSERT INTO `escore` VALUES (605, 5211, 1301, 429, 20221001, 1211, 94);
INSERT INTO `escore` VALUES (606, 5208, 1301, 430, 20221001, 1208, 64);
INSERT INTO `escore` VALUES (607, 5209, 1301, 430, 20221001, 1209, 90);
INSERT INTO `escore` VALUES (608, 5210, 1301, 430, 20221001, 1210, 57);
INSERT INTO `escore` VALUES (609, 5211, 1301, 430, 20221001, 1211, 67);
INSERT INTO `escore` VALUES (610, 5208, 1301, 431, 20221001, 1208, 62);
INSERT INTO `escore` VALUES (611, 5209, 1301, 431, 20221001, 1209, 61);
INSERT INTO `escore` VALUES (612, 5210, 1301, 431, 20221001, 1210, 68);
INSERT INTO `escore` VALUES (613, 5211, 1301, 431, 20221001, 1211, 56);
INSERT INTO `escore` VALUES (624, 5208, 1304, 432, 20221001, 1208, 76);
INSERT INTO `escore` VALUES (625, 5209, 1304, 432, 20221001, 1209, 64);
INSERT INTO `escore` VALUES (626, 5210, 1304, 432, 20221001, 1210, 91);
INSERT INTO `escore` VALUES (627, 5211, 1304, 432, 20221001, 1211, 59);
INSERT INTO `escore` VALUES (628, 5208, 1304, 433, 20221001, 1208, 78);
INSERT INTO `escore` VALUES (629, 5209, 1304, 433, 20221001, 1209, 61);
INSERT INTO `escore` VALUES (630, 5210, 1304, 433, 20221001, 1210, 70);
INSERT INTO `escore` VALUES (631, 5211, 1304, 433, 20221001, 1211, 70);
INSERT INTO `escore` VALUES (632, 5208, 1304, 434, 20221001, 1208, 89);
INSERT INTO `escore` VALUES (633, 5209, 1304, 434, 20221001, 1209, 83);
INSERT INTO `escore` VALUES (634, 5210, 1305, 434, 20221001, 1210, 98);
INSERT INTO `escore` VALUES (635, 5211, 1305, 434, 20221001, 1211, 89);
INSERT INTO `escore` VALUES (636, 5208, 1305, 435, 20221001, 1208, 52);
INSERT INTO `escore` VALUES (637, 5209, 1305, 435, 20221001, 1209, 97);
INSERT INTO `escore` VALUES (638, 5210, 1305, 435, 20221001, 1210, 74);
INSERT INTO `escore` VALUES (639, 5211, 1305, 435, 20221001, 1211, 83);
INSERT INTO `escore` VALUES (640, 5208, 1305, 436, 20221001, 1208, 90);
INSERT INTO `escore` VALUES (641, 5209, 1305, 436, 20221001, 1209, 50);
INSERT INTO `escore` VALUES (642, 5210, 1305, 436, 20221001, 1210, 82);
INSERT INTO `escore` VALUES (643, 5211, 1305, 436, 20221001, 1211, 60);
INSERT INTO `escore` VALUES (644, 5208, 1302, 437, 20221001, 1208, 54);
INSERT INTO `escore` VALUES (645, 5209, 1302, 437, 20221001, 1209, 91);
INSERT INTO `escore` VALUES (646, 5210, 1302, 437, 20221001, 1210, 90);
INSERT INTO `escore` VALUES (647, 5211, 1302, 437, 20221001, 1211, 78);
INSERT INTO `escore` VALUES (648, 5208, 1302, 438, 20221001, 1208, 71);
INSERT INTO `escore` VALUES (649, 5209, 1302, 438, 20221001, 1209, 70);
INSERT INTO `escore` VALUES (650, 5210, 1302, 438, 20221001, 1210, 87);
INSERT INTO `escore` VALUES (651, 5211, 1302, 438, 20221001, 1211, 73);
INSERT INTO `escore` VALUES (652, 5208, 1302, 439, 20221001, 1208, 57);
INSERT INTO `escore` VALUES (653, 5209, 1302, 439, 20221001, 1209, 68);
INSERT INTO `escore` VALUES (654, 5210, 1301, 439, 20221001, 1210, 65);
INSERT INTO `escore` VALUES (655, 5211, 1301, 439, 20221001, 1211, 74);
INSERT INTO `escore` VALUES (656, 5208, 1301, 440, 20221001, 1208, 75);
INSERT INTO `escore` VALUES (657, 5209, 1301, 440, 20221001, 1209, 50);
INSERT INTO `escore` VALUES (658, 5210, 1301, 440, 20221001, 1210, 78);
INSERT INTO `escore` VALUES (659, 5211, 1301, 440, 20221001, 1211, 89);
INSERT INTO `escore` VALUES (660, 5208, 1301, 441, 20221001, 1208, 58);
INSERT INTO `escore` VALUES (661, 5209, 1301, 441, 20221001, 1209, 76);
INSERT INTO `escore` VALUES (662, 5210, 1301, 441, 20221001, 1210, 57);
INSERT INTO `escore` VALUES (663, 5211, 1301, 441, 20221001, 1211, 56);
INSERT INTO `escore` VALUES (674, 5208, 1304, 492, 20221001, 1208, 62);
INSERT INTO `escore` VALUES (675, 5209, 1304, 492, 20221001, 1209, 93);
INSERT INTO `escore` VALUES (676, 5210, 1304, 492, 20221001, 1210, 74);
INSERT INTO `escore` VALUES (677, 5211, 1304, 492, 20221001, 1211, 94);
INSERT INTO `escore` VALUES (678, 5208, 1304, 493, 20221001, 1208, 97);
INSERT INTO `escore` VALUES (679, 5209, 1304, 493, 20221001, 1209, 50);
INSERT INTO `escore` VALUES (680, 5210, 1304, 493, 20221001, 1210, 63);
INSERT INTO `escore` VALUES (681, 5211, 1304, 493, 20221001, 1211, 64);
INSERT INTO `escore` VALUES (682, 5208, 1304, 494, 20221001, 1208, 81);
INSERT INTO `escore` VALUES (683, 5209, 1304, 494, 20221001, 1209, 63);
INSERT INTO `escore` VALUES (684, 5210, 1305, 494, 20221001, 1210, 74);
INSERT INTO `escore` VALUES (685, 5211, 1305, 494, 20221001, 1211, 80);
INSERT INTO `escore` VALUES (686, 5208, 1305, 495, 20221001, 1208, 78);
INSERT INTO `escore` VALUES (687, 5209, 1305, 495, 20221001, 1209, 99);
INSERT INTO `escore` VALUES (688, 5210, 1305, 495, 20221001, 1210, 60);
INSERT INTO `escore` VALUES (689, 5211, 1305, 495, 20221001, 1211, 57);
INSERT INTO `escore` VALUES (690, 5208, 1305, 496, 20221001, 1208, 53);
INSERT INTO `escore` VALUES (691, 5209, 1305, 496, 20221001, 1209, 97);
INSERT INTO `escore` VALUES (692, 5210, 1305, 496, 20221001, 1210, 71);
INSERT INTO `escore` VALUES (693, 5211, 1305, 496, 20221001, 1211, 68);
INSERT INTO `escore` VALUES (694, 5208, 1302, 497, 20221001, 1208, 74);
INSERT INTO `escore` VALUES (695, 5209, 1302, 497, 20221001, 1209, 68);
INSERT INTO `escore` VALUES (696, 5210, 1302, 497, 20221001, 1210, 68);
INSERT INTO `escore` VALUES (697, 5211, 1302, 497, 20221001, 1211, 87);
INSERT INTO `escore` VALUES (698, 5208, 1302, 498, 20221001, 1208, 79);
INSERT INTO `escore` VALUES (699, 5209, 1302, 498, 20221001, 1209, 86);
INSERT INTO `escore` VALUES (700, 5210, 1302, 498, 20221001, 1210, 92);
INSERT INTO `escore` VALUES (701, 5211, 1302, 498, 20221001, 1211, 52);
INSERT INTO `escore` VALUES (702, 5208, 1302, 499, 20221001, 1208, 87);
INSERT INTO `escore` VALUES (703, 5209, 1302, 499, 20221001, 1209, 75);
INSERT INTO `escore` VALUES (704, 5210, 1301, 499, 20221001, 1210, 63);
INSERT INTO `escore` VALUES (705, 5211, 1301, 499, 20221001, 1211, 95);
INSERT INTO `escore` VALUES (706, 5208, 1301, 500, 20221001, 1208, 82);
INSERT INTO `escore` VALUES (707, 5209, 1301, 500, 20221001, 1209, 73);
INSERT INTO `escore` VALUES (708, 5210, 1301, 500, 20221001, 1210, 73);
INSERT INTO `escore` VALUES (709, 5211, 1301, 500, 20221001, 1211, 96);
INSERT INTO `escore` VALUES (710, 5208, 1301, 501, 20221001, 1208, 59);
INSERT INTO `escore` VALUES (711, 5209, 1301, 501, 20221001, 1209, 60);
INSERT INTO `escore` VALUES (712, 5210, 1301, 501, 20221001, 1210, 73);
INSERT INTO `escore` VALUES (713, 5211, 1301, 501, 20221001, 1211, 83);
INSERT INTO `escore` VALUES (718, 5208, 1304, 525, 20221001, 1208, 54);
INSERT INTO `escore` VALUES (719, 5209, 1304, 525, 20221001, 1209, 65);
INSERT INTO `escore` VALUES (720, 5210, 1304, 525, 20221001, 1210, 61);
INSERT INTO `escore` VALUES (721, 5211, 1304, 525, 20221001, 1211, 60);
INSERT INTO `escore` VALUES (722, 5208, 1304, 526, 20221001, 1208, 67);
INSERT INTO `escore` VALUES (723, 5209, 1304, 526, 20221001, 1209, 54);
INSERT INTO `escore` VALUES (724, 5210, 1305, 526, 20221001, 1210, 72);
INSERT INTO `escore` VALUES (725, 5211, 1305, 526, 20221001, 1211, 98);
INSERT INTO `escore` VALUES (726, 5208, 1305, 527, 20221001, 1208, 73);
INSERT INTO `escore` VALUES (727, 5209, 1305, 527, 20221001, 1209, 69);
INSERT INTO `escore` VALUES (728, 5210, 1305, 527, 20221001, 1210, 80);
INSERT INTO `escore` VALUES (729, 5211, 1305, 527, 20221001, 1211, 90);
INSERT INTO `escore` VALUES (730, 5208, 1305, 528, 20221001, 1208, 60);
INSERT INTO `escore` VALUES (731, 5209, 1305, 528, 20221001, 1209, 83);
INSERT INTO `escore` VALUES (732, 5210, 1305, 528, 20221001, 1210, 82);
INSERT INTO `escore` VALUES (733, 5211, 1305, 528, 20221001, 1211, 59);
INSERT INTO `escore` VALUES (734, 5208, 1302, 529, 20221001, 1208, 52);
INSERT INTO `escore` VALUES (735, 5209, 1302, 529, 20221001, 1209, 85);
INSERT INTO `escore` VALUES (736, 5210, 1302, 529, 20221001, 1210, 66);
INSERT INTO `escore` VALUES (737, 5211, 1302, 529, 20221001, 1211, 75);
INSERT INTO `escore` VALUES (738, 5208, 1302, 530, 20221001, 1208, 76);
INSERT INTO `escore` VALUES (739, 5209, 1302, 530, 20221001, 1209, 56);
INSERT INTO `escore` VALUES (740, 5210, 1302, 530, 20221001, 1210, 54);
INSERT INTO `escore` VALUES (741, 5211, 1302, 530, 20221001, 1211, 50);
INSERT INTO `escore` VALUES (742, 5208, 1302, 531, 20221001, 1208, 92);
INSERT INTO `escore` VALUES (743, 5209, 1302, 531, 20221001, 1209, 57);
INSERT INTO `escore` VALUES (744, 5210, 1301, 531, 20221001, 1210, 62);
INSERT INTO `escore` VALUES (745, 5211, 1301, 531, 20221001, 1211, 87);
INSERT INTO `escore` VALUES (746, 5208, 1301, 532, 20221001, 1208, 97);
INSERT INTO `escore` VALUES (747, 5209, 1301, 532, 20221001, 1209, 74);
INSERT INTO `escore` VALUES (748, 5210, 1301, 532, 20221001, 1210, 81);
INSERT INTO `escore` VALUES (749, 5211, 1301, 532, 20221001, 1211, 84);
INSERT INTO `escore` VALUES (750, 5208, 1301, 533, 20221001, 1208, 74);
INSERT INTO `escore` VALUES (751, 5209, 1301, 533, 20221001, 1209, 69);
INSERT INTO `escore` VALUES (752, 5210, 1301, 533, 20221001, 1210, 73);
INSERT INTO `escore` VALUES (753, 5211, 1301, 533, 20221001, 1211, 57);
INSERT INTO `escore` VALUES (754, 5208, 1303, 680, 20221001, 1208, 68);
INSERT INTO `escore` VALUES (755, 5209, 1303, 680, 20221001, 1209, 67);
INSERT INTO `escore` VALUES (756, 5210, 1303, 680, 20221001, 1210, 81);
INSERT INTO `escore` VALUES (757, 5211, 1303, 680, 20221001, 1211, 55);
INSERT INTO `escore` VALUES (758, 5208, 1303, 681, 20221001, 1208, 82);
INSERT INTO `escore` VALUES (759, 5209, 1303, 681, 20221001, 1209, 93);
INSERT INTO `escore` VALUES (760, 5210, 1303, 681, 20221001, 1210, 69);
INSERT INTO `escore` VALUES (761, 5211, 1303, 681, 20221001, 1211, 65);
INSERT INTO `escore` VALUES (762, 5208, 1303, 682, 20221001, 1208, 71);
INSERT INTO `escore` VALUES (763, 5209, 1303, 682, 20221001, 1209, 58);
INSERT INTO `escore` VALUES (764, 5210, 1304, 682, 20221001, 1210, 78);
INSERT INTO `escore` VALUES (765, 5211, 1304, 682, 20221001, 1211, 64);
INSERT INTO `escore` VALUES (766, 5208, 1304, 683, 20221001, 1208, 87);
INSERT INTO `escore` VALUES (767, 5209, 1304, 683, 20221001, 1209, 91);
INSERT INTO `escore` VALUES (768, 5210, 1304, 683, 20221001, 1210, 93);
INSERT INTO `escore` VALUES (769, 5211, 1304, 683, 20221001, 1211, 94);
INSERT INTO `escore` VALUES (770, 5208, 1304, 684, 20221001, 1208, 90);
INSERT INTO `escore` VALUES (771, 5209, 1304, 684, 20221001, 1209, 68);
INSERT INTO `escore` VALUES (772, 5210, 1304, 684, 20221001, 1210, 69);
INSERT INTO `escore` VALUES (773, 5211, 1304, 684, 20221001, 1211, 93);
INSERT INTO `escore` VALUES (774, 5208, 1305, 685, 20221001, 1208, 55);
INSERT INTO `escore` VALUES (775, 5209, 1305, 685, 20221001, 1209, 99);
INSERT INTO `escore` VALUES (776, 5210, 1305, 685, 20221001, 1210, 77);
INSERT INTO `escore` VALUES (777, 5211, 1305, 685, 20221001, 1211, 92);
INSERT INTO `escore` VALUES (778, 5208, 1305, 686, 20221001, 1208, 74);
INSERT INTO `escore` VALUES (779, 5209, 1305, 686, 20221001, 1209, 97);
INSERT INTO `escore` VALUES (780, 5210, 1305, 686, 20221001, 1210, 60);
INSERT INTO `escore` VALUES (781, 5211, 1305, 686, 20221001, 1211, 63);
INSERT INTO `escore` VALUES (782, 5208, 1305, 687, 20221001, 1208, 85);
INSERT INTO `escore` VALUES (783, 5209, 1305, 687, 20221001, 1209, 84);
INSERT INTO `escore` VALUES (784, 5210, 1302, 687, 20221001, 1210, 66);
INSERT INTO `escore` VALUES (785, 5211, 1302, 687, 20221001, 1211, 77);
INSERT INTO `escore` VALUES (786, 5208, 1302, 688, 20221001, 1208, 87);
INSERT INTO `escore` VALUES (787, 5209, 1302, 688, 20221001, 1209, 54);
INSERT INTO `escore` VALUES (788, 5210, 1302, 688, 20221001, 1210, 60);
INSERT INTO `escore` VALUES (789, 5211, 1302, 688, 20221001, 1211, 87);
INSERT INTO `escore` VALUES (790, 5208, 1302, 689, 20221001, 1208, 55);
INSERT INTO `escore` VALUES (791, 5209, 1302, 689, 20221001, 1209, 66);
INSERT INTO `escore` VALUES (792, 5210, 1302, 689, 20221001, 1210, 65);
INSERT INTO `escore` VALUES (793, 5211, 1302, 689, 20221001, 1211, 76);
INSERT INTO `escore` VALUES (794, 5204, 1301, 442, 20231002, 1204, 83);
INSERT INTO `escore` VALUES (795, 5205, 1301, 442, 20231002, 1205, 89);
INSERT INTO `escore` VALUES (796, 5206, 1301, 442, 20231002, 1206, 95);
INSERT INTO `escore` VALUES (797, 5207, 1301, 442, 20231002, 1207, 56);
INSERT INTO `escore` VALUES (798, 5204, 1301, 443, 20231002, 1204, 97);
INSERT INTO `escore` VALUES (799, 5205, 1301, 443, 20231002, 1205, 66);
INSERT INTO `escore` VALUES (800, 5206, 1301, 443, 20231002, 1206, 90);
INSERT INTO `escore` VALUES (801, 5207, 1301, 443, 20231002, 1207, 52);
INSERT INTO `escore` VALUES (802, 5204, 1301, 444, 20231002, 1204, 90);
INSERT INTO `escore` VALUES (803, 5205, 1301, 444, 20231002, 1205, 95);
INSERT INTO `escore` VALUES (804, 5206, 1303, 444, 20231002, 1206, 50);
INSERT INTO `escore` VALUES (805, 5207, 1303, 444, 20231002, 1207, 70);
INSERT INTO `escore` VALUES (806, 5204, 1303, 445, 20231002, 1204, 100);
INSERT INTO `escore` VALUES (807, 5205, 1303, 445, 20231002, 1205, 86);
INSERT INTO `escore` VALUES (808, 5206, 1303, 445, 20231002, 1206, 83);
INSERT INTO `escore` VALUES (809, 5207, 1303, 445, 20231002, 1207, 56);
INSERT INTO `escore` VALUES (810, 5204, 1303, 446, 20231002, 1204, 81);
INSERT INTO `escore` VALUES (811, 5205, 1303, 446, 20231002, 1205, 87);
INSERT INTO `escore` VALUES (812, 5206, 1303, 446, 20231002, 1206, 90);
INSERT INTO `escore` VALUES (813, 5207, 1303, 446, 20231002, 1207, 88);
INSERT INTO `escore` VALUES (814, 5204, 1304, 447, 20231002, 1204, 70);
INSERT INTO `escore` VALUES (815, 5205, 1304, 447, 20231002, 1205, 89);
INSERT INTO `escore` VALUES (816, 5206, 1304, 447, 20231002, 1206, 83);
INSERT INTO `escore` VALUES (817, 5207, 1304, 447, 20231002, 1207, 98);
INSERT INTO `escore` VALUES (818, 5204, 1304, 448, 20231002, 1204, 90);
INSERT INTO `escore` VALUES (819, 5205, 1304, 448, 20231002, 1205, 57);
INSERT INTO `escore` VALUES (820, 5206, 1304, 448, 20231002, 1206, 66);
INSERT INTO `escore` VALUES (821, 5207, 1304, 448, 20231002, 1207, 60);
INSERT INTO `escore` VALUES (822, 5204, 1304, 449, 20231002, 1204, 51);
INSERT INTO `escore` VALUES (823, 5205, 1304, 449, 20231002, 1205, 76);
INSERT INTO `escore` VALUES (824, 5206, 1305, 449, 20231002, 1206, 75);
INSERT INTO `escore` VALUES (825, 5207, 1305, 449, 20231002, 1207, 99);
INSERT INTO `escore` VALUES (826, 5204, 1305, 450, 20231002, 1204, 65);
INSERT INTO `escore` VALUES (827, 5205, 1305, 450, 20231002, 1205, 81);
INSERT INTO `escore` VALUES (828, 5206, 1305, 450, 20231002, 1206, 61);
INSERT INTO `escore` VALUES (829, 5207, 1305, 450, 20231002, 1207, 61);
INSERT INTO `escore` VALUES (830, 5204, 1305, 451, 20231002, 1204, 73);
INSERT INTO `escore` VALUES (831, 5205, 1305, 451, 20231002, 1205, 82);
INSERT INTO `escore` VALUES (832, 5206, 1305, 451, 20231002, 1206, 90);
INSERT INTO `escore` VALUES (833, 5207, 1305, 451, 20231002, 1207, 53);
INSERT INTO `escore` VALUES (834, 5204, 1302, 452, 20231002, 1204, 98);
INSERT INTO `escore` VALUES (835, 5205, 1302, 452, 20231002, 1205, 76);
INSERT INTO `escore` VALUES (836, 5206, 1302, 452, 20231002, 1206, 90);
INSERT INTO `escore` VALUES (837, 5207, 1302, 452, 20231002, 1207, 70);
INSERT INTO `escore` VALUES (838, 5204, 1302, 453, 20231002, 1204, 83);
INSERT INTO `escore` VALUES (839, 5205, 1302, 453, 20231002, 1205, 50);
INSERT INTO `escore` VALUES (840, 5206, 1302, 453, 20231002, 1206, 57);
INSERT INTO `escore` VALUES (841, 5207, 1302, 453, 20231002, 1207, 82);
INSERT INTO `escore` VALUES (842, 5204, 1302, 454, 20231002, 1204, 89);
INSERT INTO `escore` VALUES (843, 5205, 1302, 454, 20231002, 1205, 99);
INSERT INTO `escore` VALUES (844, 5206, 1301, 454, 20231002, 1206, 74);
INSERT INTO `escore` VALUES (845, 5207, 1301, 454, 20231002, 1207, 78);
INSERT INTO `escore` VALUES (846, 5204, 1301, 455, 20231002, 1204, 65);
INSERT INTO `escore` VALUES (847, 5205, 1301, 455, 20231002, 1205, 95);
INSERT INTO `escore` VALUES (848, 5206, 1301, 455, 20231002, 1206, 75);
INSERT INTO `escore` VALUES (849, 5207, 1301, 455, 20231002, 1207, 92);
INSERT INTO `escore` VALUES (850, 5204, 1301, 456, 20231002, 1204, 85);
INSERT INTO `escore` VALUES (851, 5205, 1301, 456, 20231002, 1205, 98);
INSERT INTO `escore` VALUES (852, 5206, 1301, 456, 20231002, 1206, 86);
INSERT INTO `escore` VALUES (853, 5207, 1301, 456, 20231002, 1207, 83);
INSERT INTO `escore` VALUES (854, 5204, 1303, 457, 20231002, 1204, 58);
INSERT INTO `escore` VALUES (855, 5205, 1303, 457, 20231002, 1205, 92);
INSERT INTO `escore` VALUES (856, 5206, 1303, 457, 20231002, 1206, 86);
INSERT INTO `escore` VALUES (857, 5207, 1303, 457, 20231002, 1207, 54);
INSERT INTO `escore` VALUES (858, 5204, 1303, 458, 20231002, 1204, 63);
INSERT INTO `escore` VALUES (859, 5205, 1303, 458, 20231002, 1205, 51);
INSERT INTO `escore` VALUES (860, 5206, 1303, 458, 20231002, 1206, 69);
INSERT INTO `escore` VALUES (861, 5207, 1303, 458, 20231002, 1207, 90);
INSERT INTO `escore` VALUES (862, 5204, 1303, 459, 20231002, 1204, 93);
INSERT INTO `escore` VALUES (863, 5205, 1303, 459, 20231002, 1205, 96);
INSERT INTO `escore` VALUES (1104, 5206, 1310, 459, 20231002, 1206, 100);
INSERT INTO `escore` VALUES (1105, 5207, 1310, 459, 20231002, 1207, 60);
INSERT INTO `escore` VALUES (1106, 5204, 1310, 460, 20231002, 1204, 52);
INSERT INTO `escore` VALUES (1107, 5205, 1310, 460, 20231002, 1205, 81);
INSERT INTO `escore` VALUES (1108, 5206, 1310, 460, 20231002, 1206, 96);
INSERT INTO `escore` VALUES (1109, 5207, 1310, 460, 20231002, 1207, 88);
INSERT INTO `escore` VALUES (1110, 5204, 1310, 461, 20231002, 1204, 53);
INSERT INTO `escore` VALUES (1111, 5205, 1310, 461, 20231002, 1205, 51);
INSERT INTO `escore` VALUES (1112, 5206, 1310, 461, 20231002, 1206, 98);
INSERT INTO `escore` VALUES (1113, 5207, 1310, 461, 20231002, 1207, 84);
INSERT INTO `escore` VALUES (1114, 5204, 1311, 462, 20231002, 1204, 77);
INSERT INTO `escore` VALUES (1115, 5205, 1311, 462, 20231002, 1205, 82);
INSERT INTO `escore` VALUES (1116, 5206, 1311, 462, 20231002, 1206, 79);
INSERT INTO `escore` VALUES (1117, 5207, 1311, 462, 20231002, 1207, 50);
INSERT INTO `escore` VALUES (1118, 5204, 1311, 463, 20231002, 1204, 66);
INSERT INTO `escore` VALUES (1119, 5205, 1311, 463, 20231002, 1205, 78);
INSERT INTO `escore` VALUES (1120, 5206, 1311, 463, 20231002, 1206, 91);
INSERT INTO `escore` VALUES (1121, 5207, 1311, 463, 20231002, 1207, 70);
INSERT INTO `escore` VALUES (1122, 5204, 1311, 464, 20231002, 1204, 79);
INSERT INTO `escore` VALUES (1123, 5205, 1311, 464, 20231002, 1205, 84);
INSERT INTO `escore` VALUES (1124, 5206, 1310, 464, 20231002, 1206, 82);
INSERT INTO `escore` VALUES (1125, 5207, 1310, 464, 20231002, 1207, 59);
INSERT INTO `escore` VALUES (1126, 5204, 1310, 465, 20231002, 1204, 50);
INSERT INTO `escore` VALUES (1127, 5205, 1310, 465, 20231002, 1205, 76);
INSERT INTO `escore` VALUES (1128, 5206, 1310, 465, 20231002, 1206, 76);
INSERT INTO `escore` VALUES (1129, 5207, 1310, 465, 20231002, 1207, 54);
INSERT INTO `escore` VALUES (1130, 5204, 1310, 466, 20231002, 1204, 93);
INSERT INTO `escore` VALUES (1131, 5205, 1310, 466, 20231002, 1205, 51);
INSERT INTO `escore` VALUES (1132, 5206, 1310, 466, 20231002, 1206, 77);
INSERT INTO `escore` VALUES (1133, 5207, 1310, 466, 20231002, 1207, 82);
INSERT INTO `escore` VALUES (1134, 5204, 1311, 467, 20231002, 1204, 78);
INSERT INTO `escore` VALUES (1135, 5205, 1311, 467, 20231002, 1205, 93);
INSERT INTO `escore` VALUES (1136, 5206, 1311, 467, 20231002, 1206, 83);
INSERT INTO `escore` VALUES (1137, 5207, 1311, 467, 20231002, 1207, 84);
INSERT INTO `escore` VALUES (1138, 5204, 1311, 468, 20231002, 1204, 69);
INSERT INTO `escore` VALUES (1139, 5205, 1311, 468, 20231002, 1205, 98);
INSERT INTO `escore` VALUES (1140, 5206, 1311, 468, 20231002, 1206, 79);
INSERT INTO `escore` VALUES (1141, 5207, 1311, 468, 20231002, 1207, 50);
INSERT INTO `escore` VALUES (1142, 5204, 1311, 469, 20231002, 1204, 66);
INSERT INTO `escore` VALUES (1143, 5205, 1311, 469, 20231002, 1205, 81);
INSERT INTO `escore` VALUES (1144, 5206, 1310, 469, 20231002, 1206, 54);
INSERT INTO `escore` VALUES (1145, 5207, 1310, 469, 20231002, 1207, 79);
INSERT INTO `escore` VALUES (1146, 5204, 1310, 470, 20231002, 1204, 83);
INSERT INTO `escore` VALUES (1147, 5205, 1310, 470, 20231002, 1205, 78);
INSERT INTO `escore` VALUES (1148, 5206, 1310, 470, 20231002, 1206, 90);
INSERT INTO `escore` VALUES (1149, 5207, 1310, 470, 20231002, 1207, 65);
INSERT INTO `escore` VALUES (1150, 5204, 1310, 471, 20231002, 1204, 56);
INSERT INTO `escore` VALUES (1151, 5205, 1310, 471, 20231002, 1205, 88);
INSERT INTO `escore` VALUES (1152, 5206, 1310, 471, 20231002, 1206, 69);
INSERT INTO `escore` VALUES (1153, 5207, 1310, 471, 20231002, 1207, 84);
INSERT INTO `escore` VALUES (1154, 5204, 1311, 472, 20231002, 1204, 61);
INSERT INTO `escore` VALUES (1155, 5205, 1311, 472, 20231002, 1205, 54);
INSERT INTO `escore` VALUES (1156, 5206, 1311, 472, 20231002, 1206, 87);
INSERT INTO `escore` VALUES (1157, 5207, 1311, 472, 20231002, 1207, 72);
INSERT INTO `escore` VALUES (1158, 5204, 1311, 473, 20231002, 1204, 99);
INSERT INTO `escore` VALUES (1159, 5205, 1311, 473, 20231002, 1205, 76);
INSERT INTO `escore` VALUES (1160, 5206, 1311, 473, 20231002, 1206, 86);
INSERT INTO `escore` VALUES (1161, 5207, 1311, 473, 20231002, 1207, 51);
INSERT INTO `escore` VALUES (1162, 5204, 1311, 474, 20231002, 1204, 50);
INSERT INTO `escore` VALUES (1163, 5205, 1311, 474, 20231002, 1205, 97);
INSERT INTO `escore` VALUES (1164, 5206, 1311, 474, 20231002, 1206, 83);
INSERT INTO `escore` VALUES (1165, 5207, 1311, 474, 20231002, 1207, 75);
INSERT INTO `escore` VALUES (1166, 5204, 1311, 475, 20231002, 1204, 75);
INSERT INTO `escore` VALUES (1167, 5205, 1311, 475, 20231002, 1205, 100);
INSERT INTO `escore` VALUES (1168, 5206, 1311, 475, 20231002, 1206, 75);
INSERT INTO `escore` VALUES (1169, 5207, 1311, 475, 20231002, 1207, 75);
INSERT INTO `escore` VALUES (1170, 5204, 1311, 476, 20231002, 1204, 52);
INSERT INTO `escore` VALUES (1171, 5205, 1311, 476, 20231002, 1205, 84);
INSERT INTO `escore` VALUES (1172, 5206, 1311, 476, 20231002, 1206, 64);
INSERT INTO `escore` VALUES (1173, 5207, 1311, 476, 20231002, 1207, 68);
INSERT INTO `escore` VALUES (1174, 5204, 1311, 477, 20231002, 1204, 99);
INSERT INTO `escore` VALUES (1175, 5205, 1311, 477, 20231002, 1205, 90);
INSERT INTO `escore` VALUES (1176, 5206, 1311, 477, 20231002, 1206, 52);
INSERT INTO `escore` VALUES (1177, 5207, 1311, 477, 20231002, 1207, 93);
INSERT INTO `escore` VALUES (1178, 5204, 1311, 478, 20231002, 1204, 54);
INSERT INTO `escore` VALUES (1179, 5205, 1311, 478, 20231002, 1205, 96);
INSERT INTO `escore` VALUES (1180, 5206, 1311, 478, 20231002, 1206, 66);
INSERT INTO `escore` VALUES (1181, 5207, 1311, 478, 20231002, 1207, 93);
INSERT INTO `escore` VALUES (1186, 5204, 1311, 480, 20231002, 1204, 84);
INSERT INTO `escore` VALUES (1187, 5205, 1311, 480, 20231002, 1205, 89);
INSERT INTO `escore` VALUES (1188, 5206, 1311, 480, 20231002, 1206, 94);
INSERT INTO `escore` VALUES (1189, 5207, 1311, 480, 20231002, 1207, 51);
INSERT INTO `escore` VALUES (1194, 5201, 1311, 910, 20241003, 1201, 100);
INSERT INTO `escore` VALUES (1195, 5202, 1311, 910, 20241003, 1202, 60);
INSERT INTO `escore` VALUES (1196, 5203, 1311, 910, 20241003, 1203, 53);
INSERT INTO `escore` VALUES (1197, 5201, 1311, 911, 20241003, 1201, 87);
INSERT INTO `escore` VALUES (1198, 5202, 1311, 911, 20241003, 1202, 74);
INSERT INTO `escore` VALUES (1199, 5203, 1311, 911, 20241003, 1203, 59);
INSERT INTO `escore` VALUES (1200, 5201, 1311, 912, 20241003, 1201, 73);
INSERT INTO `escore` VALUES (1201, 5202, 1311, 912, 20241003, 1202, 90);
INSERT INTO `escore` VALUES (1202, 5203, 1311, 912, 20241003, 1203, 81);
INSERT INTO `escore` VALUES (1203, 5201, 1311, 913, 20241003, 1201, 82);
INSERT INTO `escore` VALUES (1204, 5202, 1311, 913, 20241003, 1202, 69);
INSERT INTO `escore` VALUES (1205, 5203, 1311, 913, 20241003, 1203, 50);
INSERT INTO `escore` VALUES (1206, 5201, 1311, 914, 20241003, 1201, 94);
INSERT INTO `escore` VALUES (1207, 5202, 1311, 914, 20241003, 1202, 67);
INSERT INTO `escore` VALUES (1208, 5203, 1311, 914, 20241003, 1203, 53);
INSERT INTO `escore` VALUES (1209, 5201, 1311, 915, 20241003, 1201, 65);
INSERT INTO `escore` VALUES (1210, 5202, 1311, 915, 20241003, 1202, 67);
INSERT INTO `escore` VALUES (1211, 5203, 1311, 915, 20241003, 1203, 89);
INSERT INTO `escore` VALUES (1212, 5201, 1311, 916, 20241003, 1201, 91);
INSERT INTO `escore` VALUES (1213, 5202, 1311, 916, 20241003, 1202, 91);
INSERT INTO `escore` VALUES (1214, 5203, 1311, 916, 20241003, 1203, 78);
INSERT INTO `escore` VALUES (1215, 5201, 1311, 917, 20241003, 1201, 70);
INSERT INTO `escore` VALUES (1216, 5202, 1311, 917, 20241003, 1202, 64);
INSERT INTO `escore` VALUES (1217, 5203, 1311, 917, 20241003, 1203, 63);
INSERT INTO `escore` VALUES (1218, 5201, 1311, 918, 20241003, 1201, 73);
INSERT INTO `escore` VALUES (1219, 5202, 1311, 918, 20241003, 1202, 74);
INSERT INTO `escore` VALUES (1220, 5203, 1311, 918, 20241003, 1203, 52);
INSERT INTO `escore` VALUES (1221, 5201, 1311, 919, 20241003, 1201, 91);
INSERT INTO `escore` VALUES (1222, 5202, 1311, 919, 20241003, 1202, 95);
INSERT INTO `escore` VALUES (1223, 5203, 1311, 919, 20241003, 1203, 51);
INSERT INTO `escore` VALUES (1224, 5201, 1311, 920, 20241003, 1201, 73);
INSERT INTO `escore` VALUES (1225, 5202, 1311, 920, 20241003, 1202, 61);
INSERT INTO `escore` VALUES (1256, 5203, 1311, 920, 20241003, 1203, 89);
INSERT INTO `escore` VALUES (1257, 5201, 1311, 921, 20241003, 1201, 58);
INSERT INTO `escore` VALUES (1258, 5202, 1311, 921, 20241003, 1202, 75);
INSERT INTO `escore` VALUES (1259, 5203, 1311, 921, 20241003, 1203, 99);
INSERT INTO `escore` VALUES (1260, 5201, 1311, 922, 20241003, 1201, 69);
INSERT INTO `escore` VALUES (1261, 5202, 1311, 922, 20241003, 1202, 100);
INSERT INTO `escore` VALUES (1262, 5203, 1311, 922, 20241003, 1203, 93);
INSERT INTO `escore` VALUES (1263, 5201, 1311, 923, 20241003, 1201, 62);
INSERT INTO `escore` VALUES (1264, 5202, 1311, 923, 20241003, 1202, 83);
INSERT INTO `escore` VALUES (1265, 5203, 1311, 923, 20241003, 1203, 77);
INSERT INTO `escore` VALUES (1266, 5201, 1311, 924, 20241003, 1201, 89);
INSERT INTO `escore` VALUES (1267, 5202, 1311, 924, 20241003, 1202, 60);
INSERT INTO `escore` VALUES (1268, 5203, 1311, 924, 20241003, 1203, 87);
INSERT INTO `escore` VALUES (1269, 5201, 1311, 925, 20241003, 1201, 51);
INSERT INTO `escore` VALUES (1270, 5202, 1311, 925, 20241003, 1202, 98);
INSERT INTO `escore` VALUES (1271, 5203, 1311, 925, 20241003, 1203, 82);
INSERT INTO `escore` VALUES (1272, 5201, 1311, 926, 20241003, 1201, 67);
INSERT INTO `escore` VALUES (1273, 5202, 1311, 926, 20241003, 1202, 90);
INSERT INTO `escore` VALUES (1274, 5203, 1311, 926, 20241003, 1203, 97);
INSERT INTO `escore` VALUES (1275, 5201, 1311, 927, 20241003, 1201, 66);
INSERT INTO `escore` VALUES (1276, 5202, 1311, 927, 20241003, 1202, 91);
INSERT INTO `escore` VALUES (1277, 5203, 1311, 927, 20241003, 1203, 56);
INSERT INTO `escore` VALUES (1278, 5201, 1311, 928, 20241003, 1201, 57);
INSERT INTO `escore` VALUES (1279, 5202, 1311, 928, 20241003, 1202, 70);
INSERT INTO `escore` VALUES (1280, 5203, 1311, 928, 20241003, 1203, 77);
INSERT INTO `escore` VALUES (1281, 5201, 1311, 929, 20241003, 1201, 75);
INSERT INTO `escore` VALUES (1282, 5202, 1311, 929, 20241003, 1202, 93);
INSERT INTO `escore` VALUES (1283, 5203, 1311, 929, 20241003, 1203, 91);

-- ----------------------------
-- Table structure for exam
-- ----------------------------
DROP TABLE IF EXISTS `exam`;
CREATE TABLE `exam`  (
  `id` int NOT NULL AUTO_INCREMENT COMMENT '考试编号',
  `name` varchar(50) CHARACTER SET utf8mb3 COLLATE utf8mb3_general_ci NULL DEFAULT NULL COMMENT '考试名称',
  `time` date NULL DEFAULT NULL COMMENT '考试时间',
  `remark` varchar(255) CHARACTER SET utf8mb3 COLLATE utf8mb3_general_ci NULL DEFAULT NULL COMMENT '备注',
  `type` int NULL DEFAULT NULL COMMENT '考试类型',
  `grade_id` int NULL DEFAULT NULL COMMENT '年级id',
  `clazz_id` int NULL DEFAULT NULL COMMENT '班级id',
  `course_id` int NULL DEFAULT NULL COMMENT '课程id',
  `status` int NULL DEFAULT NULL COMMENT '考试状态',
  PRIMARY KEY (`id`) USING BTREE,
  INDEX `exam_ink_1`(`grade_id` ASC) USING BTREE,
  CONSTRAINT `exam_ink_1` FOREIGN KEY (`grade_id`) REFERENCES `grade` (`id`) ON DELETE CASCADE ON UPDATE CASCADE
) ENGINE = InnoDB AUTO_INCREMENT = 5213 CHARACTER SET = utf8mb3 COLLATE = utf8mb3_general_ci COMMENT = '考试信息表' ROW_FORMAT = DYNAMIC;

-- ----------------------------
-- Records of exam
-- ----------------------------
INSERT INTO `exam` VALUES (5201, '大学语文考试', '2025-06-20', '2024级期末考试', 1, 20241003, NULL, 1201, 1);
INSERT INTO `exam` VALUES (5202, '高等数学考试', '2025-06-20', '2024级期末考试', 1, 20241003, NULL, 1202, 1);
INSERT INTO `exam` VALUES (5203, '大学英语考试', '2025-06-20', '2024级期末考试', 1, 20241003, NULL, 1203, 1);
INSERT INTO `exam` VALUES (5204, '数据结构与算法考试', '2025-06-13', '2023级期末考试', 1, 20231002, NULL, 1204, 1);
INSERT INTO `exam` VALUES (5205, '计算机科学导论考试', '2025-06-20', '2023级期末考试', 1, 20231002, NULL, 1205, 1);
INSERT INTO `exam` VALUES (5206, '计算机网络考试', '2025-06-20', '2023级期末考试', 1, 20231002, NULL, 1206, 1);
INSERT INTO `exam` VALUES (5207, '大学生职业生涯规划考试', '2025-06-19', '2023级期末考试', 1, 20231002, NULL, 1207, 1);
INSERT INTO `exam` VALUES (5208, '数据库原理与应用考试', '2025-06-19', '2022级期末考试', 1, 20221001, NULL, 1208, 1);
INSERT INTO `exam` VALUES (5209, '改革开放史考试', '2025-06-14', '2022级期末考试', 1, 20221001, NULL, 1209, 1);
INSERT INTO `exam` VALUES (5210, '大学生创业基础考试', '2025-06-15', '2022级期末考试', 1, 20221001, NULL, 1210, 1);
INSERT INTO `exam` VALUES (5211, '操作系统考试', '2025-06-13', '2022级期末考试', 1, 20221001, NULL, 1211, 1);

-- ----------------------------
-- Table structure for fund
-- ----------------------------
DROP TABLE IF EXISTS `fund`;
CREATE TABLE `fund`  (
  `id` int NOT NULL AUTO_INCREMENT,
  `user_account` int NULL DEFAULT NULL,
  `user_name` varchar(255) CHARACTER SET utf8mb3 COLLATE utf8mb3_general_ci NULL DEFAULT NULL,
  `user_type` varchar(255) CHARACTER SET utf8mb3 COLLATE utf8mb3_general_ci NULL DEFAULT NULL,
  `type` int NULL DEFAULT NULL,
  `remark` varchar(255) CHARACTER SET utf8mb3 COLLATE utf8mb3_general_ci NULL DEFAULT NULL,
  PRIMARY KEY (`id`) USING BTREE
) ENGINE = InnoDB AUTO_INCREMENT = 140 CHARACTER SET = utf8mb3 COLLATE = utf8mb3_general_ci ROW_FORMAT = DYNAMIC;

-- ----------------------------
-- Records of fund
-- ----------------------------
INSERT INTO `fund` VALUES (1, 1, '管理员', '管理员', 1, '系统管理员账户');
INSERT INTO `fund` VALUES (2, 1001, '王华', '老师', 1, '');
INSERT INTO `fund` VALUES (3, 1002, '黄国中', '老师', 2, '银行卡信息未更新');
INSERT INTO `fund` VALUES (4, 1003, '廖星', '老师', 1, '');
INSERT INTO `fund` VALUES (5, 1004, '甘之蓝', '老师', 2, '银行账户冻结');
INSERT INTO `fund` VALUES (6, 1005, '梁闪', '老师', 1, '');
INSERT INTO `fund` VALUES (7, 1006, '李小好', '老师', 2, '离职手续未完成');
INSERT INTO `fund` VALUES (8, 1007, '龙隆', '老师', 1, '');
INSERT INTO `fund` VALUES (9, 1008, '刘惠', '老师', 2, '账户异常，需重新验证');
INSERT INTO `fund` VALUES (10, 1009, '何回', '老师', 1, '');
INSERT INTO `fund` VALUES (11, 1010, '陈程', '老师', 2, '银行卡过期');
INSERT INTO `fund` VALUES (12, 1011, '启明之', '老师', 1, '');
INSERT INTO `fund` VALUES (13, 1012, '莫言', '老师', 2, '账户限额不足');
INSERT INTO `fund` VALUES (14, 1013, '余华', '老师', 1, '');
INSERT INTO `fund` VALUES (15, 1014, '朱蓉', '老师', 2, '身份信息过期');
INSERT INTO `fund` VALUES (16, 1015, '花希', '老师', 1, '');
INSERT INTO `fund` VALUES (17, 2001, '金希', '老师', 2, '银行系统维护中');
INSERT INTO `fund` VALUES (18, 2002, '罗金', '老师', 1, '');
INSERT INTO `fund` VALUES (19, 3001, '李正', '班导师', 1, '');
INSERT INTO `fund` VALUES (20, 3002, '张则', '班导师', 2, '工资发放延迟');
INSERT INTO `fund` VALUES (21, 3003, '苏雪', '班导师', 1, '');
INSERT INTO `fund` VALUES (22, 3004, '罗终', '班导师', 2, '账户信息不完整');
INSERT INTO `fund` VALUES (23, 3005, '余观观', '班导师', 1, '');
INSERT INTO `fund` VALUES (24, 3006, '痕礽', '班导师', 2, '银行验证失败');
INSERT INTO `fund` VALUES (25, 3007, '秋风', '班导师', 1, '');
INSERT INTO `fund` VALUES (26, 3008, '度峰', '班导师', 2, '账户被临时冻结');
INSERT INTO `fund` VALUES (27, 3009, '纪靖', '班导师', 1, '');
INSERT INTO `fund` VALUES (28, 3010, '刘于', '班导师', 2, '转账限额不足');
INSERT INTO `fund` VALUES (29, 3011, '李仁', '班导师', 1, '');
INSERT INTO `fund` VALUES (30, 2022004011, '杨金源', '学生', 1, '');
INSERT INTO `fund` VALUES (31, 2022004002, '蔡媛媛', '学生', 2, '学费未缴纳');
INSERT INTO `fund` VALUES (32, 2022004003, '蔡雨芹', '学生', 1, '');
INSERT INTO `fund` VALUES (33, 2022004004, '林高平', '学生', 2, '住宿费未结清');
INSERT INTO `fund` VALUES (34, 2022004005, '何娟', '学生', 1, '');
INSERT INTO `fund` VALUES (35, 2022004006, '郭彩霞', '学生', 2, '书本费未支付');
INSERT INTO `fund` VALUES (36, 2022004007, '杨玲', '学生', 1, '');
INSERT INTO `fund` VALUES (37, 2022004008, '袁梦知', '学生', 2, '校园卡充值失败');
INSERT INTO `fund` VALUES (38, 2022004009, '袁郡', '学生', 1, '');
INSERT INTO `fund` VALUES (39, 2022004010, '周于莉', '学生', 2, '实验材料费未交');
INSERT INTO `fund` VALUES (40, 2022012001, '苏圣', '学生', 1, '');
INSERT INTO `fund` VALUES (41, 2022012002, '廖钦源', '学生', 2, '体育器材押金未退');
INSERT INTO `fund` VALUES (42, 2022012003, '罗芷珊', '学生', 1, '');
INSERT INTO `fund` VALUES (43, 2022012004, '甘承健', '学生', 2, '图书馆罚款未缴纳');
INSERT INTO `fund` VALUES (44, 2022012005, '黄金水', '学生', 1, '');
INSERT INTO `fund` VALUES (45, 2022012006, '黎保良', '学生', 2, '实验室设备损坏赔偿');
INSERT INTO `fund` VALUES (46, 2022012007, '卢月梅', '学生', 1, '');
INSERT INTO `fund` VALUES (47, 2022012008, '李诗婷', '学生', 2, '社团活动费未交');
INSERT INTO `fund` VALUES (48, 2022012009, '莫家维', '学生', 1, '');
INSERT INTO `fund` VALUES (49, 2022012010, '徐杰慧', '学生', 2, '毕业证书工本费未付');
INSERT INTO `fund` VALUES (50, 2022002001, '夏明升', '学生', 1, '');
INSERT INTO `fund` VALUES (51, 2022002002, '孙运', '学生', 2, '体育比赛奖金未发放');
INSERT INTO `fund` VALUES (52, 2022002003, '王欣乐', '学生', 1, '');
INSERT INTO `fund` VALUES (53, 2022002004, '陈磊', '学生', 2, '宿舍押金未退还');
INSERT INTO `fund` VALUES (54, 2022002005, '张玉恒', '学生', 1, '');
INSERT INTO `fund` VALUES (55, 2022002006, '杨竞茜', '学生', 2, '选修课费用未交');
INSERT INTO `fund` VALUES (56, 2022002007, '王彬', '学生', 1, '');
INSERT INTO `fund` VALUES (57, 2022002008, '刘欣怡', '学生', 2, '实验室使用费欠费');
INSERT INTO `fund` VALUES (58, 2022002009, '桂昂', '学生', 1, '');
INSERT INTO `fund` VALUES (59, 2022002010, '王水玲', '学生', 2, '医疗体检费未支付');
INSERT INTO `fund` VALUES (60, 2022001002, '梁宇明', '学生', 1, '');
INSERT INTO `fund` VALUES (61, 2022001003, '李德港', '学生', 2, '校园网费欠费');
INSERT INTO `fund` VALUES (62, 2022001004, '黎电帅', '学生', 1, '');
INSERT INTO `fund` VALUES (63, 2022001005, '何太孟', '学生', 2, '教材押金未退');
INSERT INTO `fund` VALUES (64, 2022001006, '罗昌袍', '学生', 1, '');
INSERT INTO `fund` VALUES (65, 2022001007, '陶成龙', '学生', 2, '实验服押金未退');
INSERT INTO `fund` VALUES (66, 2022001008, '刘安族', '学生', 1, '');
INSERT INTO `fund` VALUES (67, 2022001009, '孔增', '学生', 2, '毕业照费用未交');
INSERT INTO `fund` VALUES (68, 2022001010, '吴海龙', '学生', 1, '');
INSERT INTO `fund` VALUES (69, 2022003001, '吴林峰', '学生', 1, '');
INSERT INTO `fund` VALUES (70, 2022003002, '周长久', '学生', 2, '学术会议注册费未付');
INSERT INTO `fund` VALUES (71, 2022003003, '陈静', '学生', 1, '');
INSERT INTO `fund` VALUES (72, 2022003004, '郭敏', '学生', 2, '论文打印费欠费');
INSERT INTO `fund` VALUES (73, 2022003005, '唐金玉', '学生', 1, '');
INSERT INTO `fund` VALUES (74, 2022003006, '李芋青', '学生', 2, '实验室耗材费未交');
INSERT INTO `fund` VALUES (75, 2022003007, '李炬宏', '学生', 1, '');
INSERT INTO `fund` VALUES (76, 2022003008, '席萍', '学生', 2, '毕业旅行定金未退');
INSERT INTO `fund` VALUES (77, 2022003009, '张二军', '学生', 1, '');
INSERT INTO `fund` VALUES (78, 2022003010, '鲜广川', '学生', 2, '学生证补办费未交');
INSERT INTO `fund` VALUES (79, 2023001001, '何欣阳', '学生', 1, '');
INSERT INTO `fund` VALUES (80, 2023001002, '邢芮宁', '学生', 2, '宿舍水电费欠费');
INSERT INTO `fund` VALUES (81, 2023001003, '邢芮', '学生', 1, '');
INSERT INTO `fund` VALUES (82, 2023001004, '陈芳', '学生', 2, '医疗体检费未支付');
INSERT INTO `fund` VALUES (83, 2023001005, '席渝程', '学生', 1, '');
INSERT INTO `fund` VALUES (84, 2023001006, '李欣', '学生', 2, '选修课材料费未交');
INSERT INTO `fund` VALUES (85, 2023001007, '陈云兆', '学生', 1, '');
INSERT INTO `fund` VALUES (86, 2023001008, '鲜娜', '学生', 2, '实习保证金未退还');
INSERT INTO `fund` VALUES (87, 2023001009, '肖棚', '学生', 1, '');
INSERT INTO `fund` VALUES (88, 2023001010, '张宝军', '学生', 2, '校服费用未结清');
INSERT INTO `fund` VALUES (89, 2023002001, '貂蝉', '学生', 1, '');
INSERT INTO `fund` VALUES (90, 2023002002, '李白', '学生', 2, '诗歌创作比赛奖金未发放');
INSERT INTO `fund` VALUES (91, 2023002003, '赵云', '学生', 1, '');
INSERT INTO `fund` VALUES (92, 2023002004, '王昭君', '学生', 2, '艺术表演津贴延迟');
INSERT INTO `fund` VALUES (93, 2023002005, '夏侯惇', '学生', 1, '');
INSERT INTO `fund` VALUES (94, 2023002006, '韩信', '学生', 2, '军事训练补贴未到账');
INSERT INTO `fund` VALUES (95, 2023002007, '杨玉环', '学生', 1, '');
INSERT INTO `fund` VALUES (96, 2023002008, '武则天', '学生', 2, '学生会经费审批中');
INSERT INTO `fund` VALUES (97, 2023002009, '澜', '学生', 1, '');
INSERT INTO `fund` VALUES (98, 2023002010, '夏洛特', '学生', 2, '国际交流项目费用未结算');
INSERT INTO `fund` VALUES (99, 2023003001, '李青', '学生', 1, '');
INSERT INTO `fund` VALUES (100, 2023003002, '李月', '学生', 2, '体育比赛报名费未退');
INSERT INTO `fund` VALUES (101, 2023003003, '思晴', '学生', 1, '');
INSERT INTO `fund` VALUES (102, 2023003004, '李少冬', '学生', 2, '实验室使用费欠费');
INSERT INTO `fund` VALUES (103, 2023003005, '张二狗', '学生', 1, '');
INSERT INTO `fund` VALUES (104, 2023003006, '朱松', '学生', 2, '校园活动押金未退');
INSERT INTO `fund` VALUES (105, 2023003007, '唐洋', '学生', 1, '');
INSERT INTO `fund` VALUES (106, 2023003008, '陈珊', '学生', 2, '教材费多缴待退');
INSERT INTO `fund` VALUES (107, 2023003009, '卓建军', '学生', 1, '');
INSERT INTO `fund` VALUES (108, 2023003010, '卢布', '学生', 2, '宿舍维修押金未退');
INSERT INTO `fund` VALUES (109, 2023004001, '胡元薰', '学生', 1, '');
INSERT INTO `fund` VALUES (110, 2023004002, '苟思琪', '学生', 2, '实验服清洗费未交');
INSERT INTO `fund` VALUES (111, 2023004003, '袁林', '学生', 1, '');
INSERT INTO `fund` VALUES (112, 2023004004, '罗玲', '学生', 2, '图书馆书籍逾期罚款');
INSERT INTO `fund` VALUES (113, 2023004005, '王瑞祥', '学生', 1, '');
INSERT INTO `fund` VALUES (114, 2023004006, '周俊竹', '学生', 2, '毕业纪念册费用未交');
INSERT INTO `fund` VALUES (115, 2023004007, '韩宛倩', '学生', 1, '');
INSERT INTO `fund` VALUES (116, 2023004009, '苟纤', '学生', 2, '实验室器材损坏赔偿');
INSERT INTO `fund` VALUES (117, 2024001001, '周望', '学生', 1, '');
INSERT INTO `fund` VALUES (118, 2024001002, '顾可可', '学生', 2, '新生体检费未交');
INSERT INTO `fund` VALUES (119, 2024001003, '徐楠', '学生', 1, '');
INSERT INTO `fund` VALUES (120, 2024001004, '张家鑫', '学生', 2, '军训服装押金未退');
INSERT INTO `fund` VALUES (121, 2024001005, '王可心', '学生', 1, '');
INSERT INTO `fund` VALUES (122, 2024001006, '周欣欣', '学生', 2, '学生证办理费未交');
INSERT INTO `fund` VALUES (123, 2024001007, '顾庆年', '学生', 1, '');
INSERT INTO `fund` VALUES (124, 2024001008, '张雅', '学生', 2, '宿舍钥匙押金未退');
INSERT INTO `fund` VALUES (125, 2024001009, '李倩', '学生', 1, '');
INSERT INTO `fund` VALUES (126, 2024001010, '王行舟', '学生', 2, '校园卡工本费未交');
INSERT INTO `fund` VALUES (127, 2024002001, '白羽', '学生', 1, '');
INSERT INTO `fund` VALUES (128, 2024002002, '钱瑾', '学生', 2, '实验室安全培训费未交');
INSERT INTO `fund` VALUES (129, 2024002003, '王青山', '学生', 1, '');
INSERT INTO `fund` VALUES (130, 2024002004, '付扬', '学生', 2, '体育器材使用费欠费');
INSERT INTO `fund` VALUES (131, 2024002005, '王佳欣', '学生', 1, '');
INSERT INTO `fund` VALUES (132, 2024002006, '黄文语', '学生', 2, '选修课退费未到账');
INSERT INTO `fund` VALUES (133, 2024002007, '武文行', '学生', 1, '');
INSERT INTO `fund` VALUES (134, 2024002008, '徐风', '学生', 2, '宿舍网络费未缴纳');
INSERT INTO `fund` VALUES (135, 2024002009, '汪海洋', '学生', 1, '');
INSERT INTO `fund` VALUES (138, 2024002010, '陈语铭', '学生', 2, '实验材料押金未退');
INSERT INTO `fund` VALUES (139, 2022004010, '周于莉', '学生', 1, '');

-- ----------------------------
-- Table structure for grade
-- ----------------------------
DROP TABLE IF EXISTS `grade`;
CREATE TABLE `grade`  (
  `id` int NOT NULL COMMENT 'id',
  `name` varchar(50) CHARACTER SET utf8mb3 COLLATE utf8mb3_general_ci NULL DEFAULT NULL COMMENT '年级名称',
  PRIMARY KEY (`id`) USING BTREE
) ENGINE = InnoDB CHARACTER SET = utf8mb3 COLLATE = utf8mb3_general_ci ROW_FORMAT = DYNAMIC;

-- ----------------------------
-- Records of grade
-- ----------------------------
INSERT INTO `grade` VALUES (20221001, '2022级');
INSERT INTO `grade` VALUES (20231002, '2023级');
INSERT INTO `grade` VALUES (20241003, '2024级');
INSERT INTO `grade` VALUES (20251004, '2025级');

-- ----------------------------
-- Table structure for grade_course
-- ----------------------------
DROP TABLE IF EXISTS `grade_course`;
CREATE TABLE `grade_course`  (
  `id` int NOT NULL AUTO_INCREMENT COMMENT 'id',
  `grade_id` int NULL DEFAULT NULL COMMENT '年级Id',
  `course_id` int NULL DEFAULT NULL COMMENT '课程id',
  PRIMARY KEY (`id`) USING BTREE,
  INDEX `course_ink_1_1`(`course_id` ASC) USING BTREE,
  INDEX `course_ink_1_2`(`grade_id` ASC) USING BTREE,
  CONSTRAINT `course_ink_1_1` FOREIGN KEY (`course_id`) REFERENCES `course` (`id`) ON DELETE CASCADE ON UPDATE CASCADE,
  CONSTRAINT `course_ink_1_2` FOREIGN KEY (`grade_id`) REFERENCES `grade` (`id`) ON DELETE CASCADE ON UPDATE CASCADE
) ENGINE = InnoDB AUTO_INCREMENT = 193 CHARACTER SET = utf8mb3 COLLATE = utf8mb3_general_ci COMMENT = '年级_课程表' ROW_FORMAT = DYNAMIC;

-- ----------------------------
-- Records of grade_course
-- ----------------------------
INSERT INTO `grade_course` VALUES (140, 20241003, 1201);
INSERT INTO `grade_course` VALUES (141, 20241003, 1202);
INSERT INTO `grade_course` VALUES (142, 20241003, 1203);
INSERT INTO `grade_course` VALUES (143, 20231002, 1204);
INSERT INTO `grade_course` VALUES (144, 20231002, 1205);
INSERT INTO `grade_course` VALUES (145, 20231002, 1206);
INSERT INTO `grade_course` VALUES (146, 20231002, 1207);
INSERT INTO `grade_course` VALUES (147, 20221001, 1208);
INSERT INTO `grade_course` VALUES (148, 20221001, 1209);
INSERT INTO `grade_course` VALUES (149, 20221001, 1210);
INSERT INTO `grade_course` VALUES (191, 20221001, 1211);

-- ----------------------------
-- Table structure for headmaster
-- ----------------------------
DROP TABLE IF EXISTS `headmaster`;
CREATE TABLE `headmaster`  (
  `id` int NOT NULL AUTO_INCREMENT COMMENT 'id',
  `headmaster_id` int NULL DEFAULT NULL COMMENT '班主任id',
  `headmaster_name` varchar(255) CHARACTER SET utf8mb3 COLLATE utf8mb3_general_ci NULL DEFAULT NULL COMMENT '班主任姓名',
  `sex` varchar(255) CHARACTER SET utf8mb3 COLLATE utf8mb3_general_ci NULL DEFAULT NULL COMMENT '性别',
  `age` int NULL DEFAULT NULL COMMENT '年龄',
  `phone` varchar(255) CHARACTER SET utf8mb3 COLLATE utf8mb3_general_ci NULL DEFAULT NULL COMMENT '电话',
  `clazz_id` int NULL DEFAULT NULL COMMENT '班级id',
  `grade_id` int NULL DEFAULT NULL COMMENT '年级id',
  PRIMARY KEY (`id`) USING BTREE,
  INDEX `clazz_id`(`clazz_id` ASC) USING BTREE,
  INDEX `grade_id`(`grade_id` ASC) USING BTREE,
  CONSTRAINT `headmaster_ibfk_1` FOREIGN KEY (`clazz_id`) REFERENCES `clazz` (`id`) ON DELETE SET NULL ON UPDATE CASCADE,
  CONSTRAINT `headmaster_ibfk_2` FOREIGN KEY (`grade_id`) REFERENCES `grade` (`id`) ON DELETE SET NULL ON UPDATE CASCADE
) ENGINE = InnoDB AUTO_INCREMENT = 24 CHARACTER SET = utf8mb3 COLLATE = utf8mb3_general_ci ROW_FORMAT = DYNAMIC;

-- ----------------------------
-- Records of headmaster
-- ----------------------------
INSERT INTO `headmaster` VALUES (1, 3001, '李正', '女', 27, '18507773465', 1301, 20221001);
INSERT INTO `headmaster` VALUES (7, 3002, '张则', '男', 30, '18907771234', 1302, 20221001);
INSERT INTO `headmaster` VALUES (8, 3003, '苏雪', '女', 35, '18507773465', 1303, 20221001);
INSERT INTO `headmaster` VALUES (9, 3004, '罗终', '女', 32, '15307774658', 1304, 20221001);
INSERT INTO `headmaster` VALUES (10, 3005, '余观观', '男', 40, '13907793465', 1305, 20221001);
INSERT INTO `headmaster` VALUES (11, 3006, '痕礽', '女', 28, '18360773473', 1306, 20231002);
INSERT INTO `headmaster` VALUES (12, 3007, '秋风', '男', 29, '13935212157', 1307, 20231002);
INSERT INTO `headmaster` VALUES (13, 3008, '度峰', '男', 30, '18579013462', 1308, 20231002);
INSERT INTO `headmaster` VALUES (14, 3009, '纪靖', '女', 31, '18130216318', 1309, 20231002);
INSERT INTO `headmaster` VALUES (15, 3010, '刘于', '男', 34, '15305724927', 1310, 20241003);
INSERT INTO `headmaster` VALUES (23, 3011, '李仁', '女', 35, '18902713966', 1311, 20241003);

-- ----------------------------
-- Table structure for student
-- ----------------------------
DROP TABLE IF EXISTS `student`;
CREATE TABLE `student`  (
  `id` int NOT NULL AUTO_INCREMENT COMMENT 'id',
  `stu_id` varchar(20) CHARACTER SET utf8mb3 COLLATE utf8mb3_general_ci NOT NULL COMMENT '学号',
  `stu_name` varchar(20) CHARACTER SET utf8mb3 COLLATE utf8mb3_general_ci NULL DEFAULT NULL COMMENT '姓名',
  `sex` varchar(4) CHARACTER SET utf8mb3 COLLATE utf8mb3_general_ci NULL DEFAULT NULL COMMENT '性别',
  `age` int NULL DEFAULT NULL COMMENT '年龄',
  `phone` varchar(20) CHARACTER SET utf8mb3 COLLATE utf8mb3_general_ci NULL DEFAULT NULL COMMENT '电话',
  `clazz_id` int NULL DEFAULT NULL COMMENT '关联班级id',
  `grade_id` int NULL DEFAULT NULL COMMENT '关联年级id',
  PRIMARY KEY (`id`) USING BTREE,
  INDEX `student_gradeid_FK`(`grade_id` ASC) USING BTREE,
  INDEX `clazz_id`(`clazz_id` ASC) USING BTREE,
  CONSTRAINT `student_gradeid_FK` FOREIGN KEY (`grade_id`) REFERENCES `grade` (`id`) ON DELETE CASCADE ON UPDATE CASCADE,
  CONSTRAINT `student_ibfk_1` FOREIGN KEY (`clazz_id`) REFERENCES `clazz` (`id`) ON DELETE CASCADE ON UPDATE CASCADE
) ENGINE = InnoDB AUTO_INCREMENT = 931 CHARACTER SET = utf8mb3 COLLATE = utf8mb3_general_ci ROW_FORMAT = DYNAMIC STATS_PERSISTENT = 0;

-- ----------------------------
-- Records of student
-- ----------------------------
INSERT INTO `student` VALUES (422, '2022004011', '杨金源', '男', 21, '17945863966', 1304, 20221001);
INSERT INTO `student` VALUES (423, '2022004002', '蔡媛媛', '女', 21, '13350554543', 1304, 20221001);
INSERT INTO `student` VALUES (424, '2022004003', '蔡雨芹', '女', 21, '16049449566', 1304, 20221001);
INSERT INTO `student` VALUES (425, '2022004004', '林高平', '男', 20, '17953566432', 1304, 20221001);
INSERT INTO `student` VALUES (426, '2022004005', '何娟', '女', 21, '18456564600', 1304, 20221001);
INSERT INTO `student` VALUES (427, '2022004006', '郭彩霞', '女', 21, '18546576736', 1304, 20221001);
INSERT INTO `student` VALUES (428, '2022004007', '杨玲', '女', 21, '18465673767', 1304, 20221001);
INSERT INTO `student` VALUES (429, '2022004008', '袁梦知', '女', 21, '17369704706', 1304, 20221001);
INSERT INTO `student` VALUES (430, '2022004009', '袁郡', '男', 21, '15607067658', 1304, 20221001);
INSERT INTO `student` VALUES (431, '2022004010', '周于莉', '女', 21, '15065788985', 1304, 20221001);
INSERT INTO `student` VALUES (432, '2022012001', '苏圣', '男', 21, '18654765657', 1305, 20221001);
INSERT INTO `student` VALUES (433, '2022012002', '廖钦源', '男', 20, '18346758435', 1305, 20221001);
INSERT INTO `student` VALUES (434, '2022012003', '罗芷珊', '女', 21, '16545994597', 1305, 20221001);
INSERT INTO `student` VALUES (435, '2022012004', '甘承健', '男', 20, '18043058402', 1305, 20221001);
INSERT INTO `student` VALUES (436, '2022012005', '黄金水', '男', 20, '17990355563', 1305, 20221001);
INSERT INTO `student` VALUES (437, '2022012006', '黎保良', '男', 21, '16239099588', 1305, 20221001);
INSERT INTO `student` VALUES (438, '2022012007', '卢月梅', '女', 21, '18990482973', 1305, 20221001);
INSERT INTO `student` VALUES (439, '2022012008', '李诗婷', '女', 21, '15908728744', 1305, 20221001);
INSERT INTO `student` VALUES (440, '2022012009', '莫家维', '男', 21, '18345895968', 1305, 20221001);
INSERT INTO `student` VALUES (441, '2022012010', '徐杰慧', '女', 21, '18507773465', 1305, 20221001);
INSERT INTO `student` VALUES (442, '2023001001', '何欣阳', '男', 22, '18178716050', 1306, 20231002);
INSERT INTO `student` VALUES (443, '2023001002', '邢芮宁', '女', 21, '17049859589', 1306, 20231002);
INSERT INTO `student` VALUES (444, '2023001003', '邢芮', '男', 21, '15667433578', 1306, 20231002);
INSERT INTO `student` VALUES (445, '2023001004', '陈芳', '女', 22, '18058655498', 1306, 20231002);
INSERT INTO `student` VALUES (446, '2023001005', '席渝程', '男', 22, '18594058594', 1306, 20231002);
INSERT INTO `student` VALUES (447, '2023001006', '李欣', '女', 22, '18175677654', 1306, 20231002);
INSERT INTO `student` VALUES (448, '2023001007', '陈云兆', '女', 22, '18356654767', 1306, 20231002);
INSERT INTO `student` VALUES (449, '2023001008', '鲜娜', '男', 22, '18178757544', 1306, 20231002);
INSERT INTO `student` VALUES (450, '2023001009', '肖棚', '女', 21, '18456443350', 1306, 20231002);
INSERT INTO `student` VALUES (451, '2023001010', '张宝军', '女', 21, '18182304844', 1306, 20231002);
INSERT INTO `student` VALUES (452, '2023002001', '貂蝉', '女', 22, '18131349575', 1307, 20231002);
INSERT INTO `student` VALUES (453, '2023002002', '李白', '男', 22, '18161684759', 1307, 20231002);
INSERT INTO `student` VALUES (454, '2023002003', '赵云', '男', 21, '18345037404', 1307, 20231002);
INSERT INTO `student` VALUES (455, '2023002004', '王昭君', '女', 21, '16090923484', 1307, 20231002);
INSERT INTO `student` VALUES (456, '2023002005', '夏侯惇', '男', 22, '15903894332', 1307, 20231002);
INSERT INTO `student` VALUES (457, '2023002006', '韩信', '男', 21, '17204430950', 1307, 20231002);
INSERT INTO `student` VALUES (458, '2023002007', '杨玉环', '女', 22, '14303089827', 1307, 20231002);
INSERT INTO `student` VALUES (459, '2023002008', '武则天', '女', 21, '14567856577', 1307, 20231002);
INSERT INTO `student` VALUES (460, '2023002009', '澜', '男', 22, '17587872789', 1307, 20231002);
INSERT INTO `student` VALUES (461, '2023002010', '夏洛特', '女', 21, '18654790864', 1307, 20231002);
INSERT INTO `student` VALUES (462, '2023003001', '李青', '男', 22, '18507773465', 1308, 20231002);
INSERT INTO `student` VALUES (463, '2023003002', '李月', '男', 21, '17543269087', 1308, 20231002);
INSERT INTO `student` VALUES (464, '2023003003', '思晴', '男', 22, '15789633566', 1308, 20231002);
INSERT INTO `student` VALUES (465, '2023003004', '李少冬', '男', 22, '16896464767', 1308, 20231002);
INSERT INTO `student` VALUES (466, '2023003005', '张二狗', '男', 22, '13986567740', 1308, 20231002);
INSERT INTO `student` VALUES (467, '2023003006', '朱松', '男', 22, '14676875477', 1308, 20231002);
INSERT INTO `student` VALUES (468, '2023003007', '唐洋', '男', 22, '16049860580', 1308, 20231002);
INSERT INTO `student` VALUES (469, '2023003008', '陈珊', '男', 22, '18557900675', 1308, 20231002);
INSERT INTO `student` VALUES (470, '2023003009', '卓建军', '男', 21, '14678785433', 1308, 20231002);
INSERT INTO `student` VALUES (471, '2023003010', '卢布', '男', 22, '18408869476', 1308, 20231002);
INSERT INTO `student` VALUES (472, '2023004001', '胡元薰', '男', 22, '16938584485', 1309, 20231002);
INSERT INTO `student` VALUES (473, '2023004002', '苟思琪', '男', 22, '17945869549', 1309, 20231002);
INSERT INTO `student` VALUES (474, '2023004003', '袁林', '男', 22, '15839849759', 1309, 20231002);
INSERT INTO `student` VALUES (475, '2023004004', '罗玲', '男', 22, '18558686868', 1309, 20231002);
INSERT INTO `student` VALUES (476, '2023004005', '王瑞祥', '男', 21, '18595938505', 1309, 20231002);
INSERT INTO `student` VALUES (477, '2023004006', '周俊竹', '男', 21, '17048868937', 1309, 20231002);
INSERT INTO `student` VALUES (478, '2023004007', '韩宛倩', '男', 21, '13059894366', 1309, 20231002);
INSERT INTO `student` VALUES (480, '2023004009', '苟纤', '男', 21, '14656535567', 1309, 20231002);
INSERT INTO `student` VALUES (492, '2022002001', '夏明升', '男', 21, '18643773465', 1302, 20221001);
INSERT INTO `student` VALUES (493, '2022002002', '孙运', '男', 20, '18507756545', 1302, 20221001);
INSERT INTO `student` VALUES (494, '2022002003', '王欣乐', '男', 21, '16757848665', 1302, 20221001);
INSERT INTO `student` VALUES (495, '2022002004', '陈磊', '男', 21, '18658576766', 1302, 20221001);
INSERT INTO `student` VALUES (496, '2022002005', '张玉恒', '男', 21, '17558678756', 1302, 20221001);
INSERT INTO `student` VALUES (497, '2022002006', '杨竞茜', '男', 21, '15788578576', 1302, 20221001);
INSERT INTO `student` VALUES (498, '2022002007', '王彬', '男', 21, '17557456464', 1302, 20221001);
INSERT INTO `student` VALUES (499, '2022002008', '刘欣怡', '男', 20, '18678678768', 1302, 20221001);
INSERT INTO `student` VALUES (500, '2022002009', '桂昂', '男', 21, '16478411060', 1302, 20221001);
INSERT INTO `student` VALUES (501, '2022002010', '王水玲', '男', 20, '16038594379', 1302, 20221001);
INSERT INTO `student` VALUES (525, '2022001002', '梁宇明', '男', 20, '16930579749', 1301, 20221001);
INSERT INTO `student` VALUES (526, '2022001003', '李德港', '男', 21, '15893758495', 1301, 20221001);
INSERT INTO `student` VALUES (527, '2022001004', '黎电帅', '男', 21, '17947748575', 1301, 20221001);
INSERT INTO `student` VALUES (528, '2022001005', '何太孟', '男', 21, '18494739504', 1301, 20221001);
INSERT INTO `student` VALUES (529, '2022001006', '罗昌袍', '男', 21, '18948675854', 1301, 20221001);
INSERT INTO `student` VALUES (530, '2022001007', '陶成龙', '男', 21, '16863063869', 1301, 20221001);
INSERT INTO `student` VALUES (531, '2022001008', '刘安族', '男', 21, '17896786836', 1301, 20221001);
INSERT INTO `student` VALUES (532, '2022001009', '孔增', '男', 20, '18037594702', 1301, 20221001);
INSERT INTO `student` VALUES (533, '2022001010', '吴海龙', '男', 21, '15935860033', 1301, 20221001);
INSERT INTO `student` VALUES (680, '2022003001', '吴林峰', '女', 20, '14859400385', 1303, 20221001);
INSERT INTO `student` VALUES (681, '2022003002', '周长久', '女', 21, '18475967594', 1303, 20221001);
INSERT INTO `student` VALUES (682, '2022003003', '陈静', '女', 21, '18957768573', 1303, 20221001);
INSERT INTO `student` VALUES (683, '2022003004', '郭敏', '女', 21, '15867012343', 1303, 20221001);
INSERT INTO `student` VALUES (684, '2022003005', '唐金玉', '女', 21, '16018351923', 1303, 20221001);
INSERT INTO `student` VALUES (685, '2022003006', '李芋青', '女', 21, '15010137485', 1303, 20221001);
INSERT INTO `student` VALUES (686, '2022003007', '李炬宏', '女', 20, '18393925072', 1303, 20221001);
INSERT INTO `student` VALUES (687, '2022003008', '席萍', '女', 20, '19304834833', 1303, 20221001);
INSERT INTO `student` VALUES (688, '2022003009', '张二军', '女', 21, '18507773465', 1303, 20221001);
INSERT INTO `student` VALUES (689, '2022003010', '鲜广川', '女', 21, '18507773465', 1303, 20221001);
INSERT INTO `student` VALUES (910, '2024001001', '周望', '男', 23, '18178729432', 1310, 20241003);
INSERT INTO `student` VALUES (911, '2024001002', '顾可可', '女', 23, '18392743923', 1310, 20241003);
INSERT INTO `student` VALUES (912, '2024001003', '徐楠', '女', 23, '17191903849', 1310, 20241003);
INSERT INTO `student` VALUES (913, '2024001004', '张家鑫', '男', 23, '18191038038', 1310, 20241003);
INSERT INTO `student` VALUES (914, '2024001005', '王可心', '女', 23, '16938402043', 1310, 20241003);
INSERT INTO `student` VALUES (915, '2024001006', '周欣欣', '女', 22, '18124345524', 1310, 20241003);
INSERT INTO `student` VALUES (916, '2024001007', '顾庆年', '男', 23, '15565453435', 1310, 20241003);
INSERT INTO `student` VALUES (917, '2024001008', '张雅', '女', 23, '16536657643', 1310, 20241003);
INSERT INTO `student` VALUES (918, '2024001009', '李倩', '女', 23, '18178716050', 1310, 20241003);
INSERT INTO `student` VALUES (919, '2024001010', '王行舟', '男', 23, '18465654431', 1310, 20241003);
INSERT INTO `student` VALUES (920, '2024002001', '白羽', '男', 23, '18602677890', 1311, 20241003);
INSERT INTO `student` VALUES (921, '2024002002', '钱瑾', '女', 23, '12568097899', 1311, 20241003);
INSERT INTO `student` VALUES (922, '2024002003', '王青山', '男', 22, '14657480767', 1311, 20241003);
INSERT INTO `student` VALUES (923, '2024002004', '付扬', '男', 23, '14546436070', 1311, 20241003);
INSERT INTO `student` VALUES (924, '2024002005', '王佳欣', '女', 23, '13546456486', 1311, 20241003);
INSERT INTO `student` VALUES (925, '2024002006', '黄文语', '女', 23, '13535464588', 1311, 20241003);
INSERT INTO `student` VALUES (926, '2024002007', '武文行', '男', 22, '13475759229', 1311, 20241003);
INSERT INTO `student` VALUES (927, '2024002008', '徐风', '男', 22, '18356033460', 1311, 20241003);
INSERT INTO `student` VALUES (928, '2024002009', '汪海洋', '男', 22, '15948589484', 1311, 20241003);
INSERT INTO `student` VALUES (929, '2024002010', '陈语铭', '女', 23, '18384748350', 1311, 20241003);

-- ----------------------------
-- Table structure for teacher
-- ----------------------------
DROP TABLE IF EXISTS `teacher`;
CREATE TABLE `teacher`  (
  `id` int NOT NULL AUTO_INCREMENT COMMENT 'id',
  `t_id` int NULL DEFAULT NULL COMMENT '教工号',
  `t_name` varchar(20) CHARACTER SET utf8mb3 COLLATE utf8mb3_general_ci NULL DEFAULT NULL COMMENT '姓名',
  `sex` varchar(4) CHARACTER SET utf8mb3 COLLATE utf8mb3_general_ci NULL DEFAULT NULL COMMENT '性别',
  `age` int NULL DEFAULT NULL COMMENT '年龄',
  `phone` varchar(20) CHARACTER SET utf8mb3 COLLATE utf8mb3_general_ci NULL DEFAULT NULL COMMENT '电话',
  PRIMARY KEY (`id`) USING BTREE
) ENGINE = InnoDB AUTO_INCREMENT = 53 CHARACTER SET = utf8mb3 COLLATE = utf8mb3_general_ci COMMENT = '老师信息表' ROW_FORMAT = DYNAMIC;

-- ----------------------------
-- Records of teacher
-- ----------------------------
INSERT INTO `teacher` VALUES (31, 1001, '王华', '男', 30, '18507773465');
INSERT INTO `teacher` VALUES (32, 1002, '黄国中', '男', 35, '18921313644');
INSERT INTO `teacher` VALUES (33, 1003, '廖星', '女', 28, '15389990213');
INSERT INTO `teacher` VALUES (34, 1004, '甘之蓝', '男', 35, '17844703622');
INSERT INTO `teacher` VALUES (35, 1005, '梁闪', '女', 28, '15507135322');
INSERT INTO `teacher` VALUES (36, 1006, '李小好', '男', 27, '17307773465');
INSERT INTO `teacher` VALUES (37, 1007, '龙隆', '男', 40, '19033767346');
INSERT INTO `teacher` VALUES (38, 1008, '刘慧', '男', 37, '14307670978');
INSERT INTO `teacher` VALUES (39, 1009, '何回', '女', 36, '13007792211');
INSERT INTO `teacher` VALUES (40, 1010, '陈程', '男', 33, '19907378712');
INSERT INTO `teacher` VALUES (41, 1011, '启明之', '男', 38, '15508076633');
INSERT INTO `teacher` VALUES (42, 1012, '莫言', '男', 50, '18407227021');
INSERT INTO `teacher` VALUES (43, 1013, '余华', '男', 50, '13607779835');
INSERT INTO `teacher` VALUES (44, 1014, '朱蓉', '女', 46, '19004473157');
INSERT INTO `teacher` VALUES (45, 1015, '花希', '女', 36, '15707333421');
INSERT INTO `teacher` VALUES (47, 2001, '金希', '男', 24, '13352773455');
INSERT INTO `teacher` VALUES (51, 2002, '罗金', '男', 48, '18407333449');
INSERT INTO `teacher` VALUES (52, 1022, '周梦婷', '女', 28, '18312137897');

-- ----------------------------
-- Table structure for user
-- ----------------------------
DROP TABLE IF EXISTS `user`;
CREATE TABLE `user`  (
  `id` int NOT NULL AUTO_INCREMENT COMMENT 'id',
  `account` varchar(30) CHARACTER SET utf8mb3 COLLATE utf8mb3_general_ci NULL DEFAULT NULL,
  `password` varchar(255) CHARACTER SET utf8mb3 COLLATE utf8mb3_general_ci NULL DEFAULT NULL COMMENT '密码',
  `name` varchar(20) CHARACTER SET utf8mb3 COLLATE utf8mb3_general_ci NULL DEFAULT NULL COMMENT '姓名',
  `type` int NULL DEFAULT NULL COMMENT '用户类型',
  PRIMARY KEY (`id`) USING BTREE
) ENGINE = InnoDB AUTO_INCREMENT = 1193 CHARACTER SET = utf8mb3 COLLATE = utf8mb3_general_ci COMMENT = '用户表' ROW_FORMAT = DYNAMIC;

-- ----------------------------
-- Records of user
-- ----------------------------
INSERT INTO `user` VALUES (1, 'admin', 'e10adc3949ba59abbe56e057f20f883e', '管理员', 1);
INSERT INTO `user` VALUES (390, '1001', 'e10adc3949ba59abbe56e057f20f883e', '王华', 2);
INSERT INTO `user` VALUES (408, '1002', 'e10adc3949ba59abbe56e057f20f883e', '黄国中', 2);
INSERT INTO `user` VALUES (663, '1003', 'e10adc3949ba59abbe56e057f20f883e', '廖星', 2);
INSERT INTO `user` VALUES (664, '1004', 'e10adc3949ba59abbe56e057f20f883e', '甘之蓝', 2);
INSERT INTO `user` VALUES (695, '1005', 'e10adc3949ba59abbe56e057f20f883e', '梁闪', 2);
INSERT INTO `user` VALUES (696, '1006', 'e10adc3949ba59abbe56e057f20f883e', '李小好', 2);
INSERT INTO `user` VALUES (697, '1007', 'e10adc3949ba59abbe56e057f20f883e', '龙隆', 2);
INSERT INTO `user` VALUES (698, '1008', 'e10adc3949ba59abbe56e057f20f883e', '刘惠', 2);
INSERT INTO `user` VALUES (699, '1009', 'e10adc3949ba59abbe56e057f20f883e', '何回', 2);
INSERT INTO `user` VALUES (700, '1010', 'e10adc3949ba59abbe56e057f20f883e', '陈程', 2);
INSERT INTO `user` VALUES (701, '1011', 'e10adc3949ba59abbe56e057f20f883e', '启明之', 2);
INSERT INTO `user` VALUES (703, '1012', 'e10adc3949ba59abbe56e057f20f883e', '莫言', 2);
INSERT INTO `user` VALUES (704, '1013', 'e10adc3949ba59abbe56e057f20f883e', '余华', 2);
INSERT INTO `user` VALUES (705, '1014', 'e10adc3949ba59abbe56e057f20f883e', '朱蓉', 2);
INSERT INTO `user` VALUES (706, '1015', 'e10adc3949ba59abbe56e057f20f883e', '花希', 2);
INSERT INTO `user` VALUES (707, '2001', 'e10adc3949ba59abbe56e057f20f883e', '金希', 2);
INSERT INTO `user` VALUES (711, '3001', 'e10adc3949ba59abbe56e057f20f883e', '李正', 4);
INSERT INTO `user` VALUES (712, '3002', 'e10adc3949ba59abbe56e057f20f883e', '张则', 4);
INSERT INTO `user` VALUES (713, '3003', 'e10adc3949ba59abbe56e057f20f883e', '苏雪', 4);
INSERT INTO `user` VALUES (714, '3004', 'e10adc3949ba59abbe56e057f20f883e', '罗终', 4);
INSERT INTO `user` VALUES (715, '3005', 'e10adc3949ba59abbe56e057f20f883e', '余观观', 4);
INSERT INTO `user` VALUES (716, '3006', 'e10adc3949ba59abbe56e057f20f883e', '痕礽', 4);
INSERT INTO `user` VALUES (717, '3007', 'e10adc3949ba59abbe56e057f20f883e', '秋风', 4);
INSERT INTO `user` VALUES (718, '3008', 'e10adc3949ba59abbe56e057f20f883e', '度峰', 4);
INSERT INTO `user` VALUES (719, '3009', 'e10adc3949ba59abbe56e057f20f883e', '纪靖', 4);
INSERT INTO `user` VALUES (720, '3010', 'e10adc3949ba59abbe56e057f20f883e', '刘于', 4);
INSERT INTO `user` VALUES (721, '3011', 'e10adc3949ba59abbe56e057f20f883e', '李仁', 4);
INSERT INTO `user` VALUES (723, '2022004011', 'e10adc3949ba59abbe56e057f20f883e', '杨金源', 3);
INSERT INTO `user` VALUES (724, '2022004002', 'e10adc3949ba59abbe56e057f20f883e', '蔡媛媛', 3);
INSERT INTO `user` VALUES (725, '2022004003', 'e10adc3949ba59abbe56e057f20f883e', '蔡雨芹', 3);
INSERT INTO `user` VALUES (726, '2022004004', 'e10adc3949ba59abbe56e057f20f883e', '林高平', 3);
INSERT INTO `user` VALUES (727, '2022004005', 'e10adc3949ba59abbe56e057f20f883e', '何娟', 3);
INSERT INTO `user` VALUES (728, '2022004006', 'e10adc3949ba59abbe56e057f20f883e', '郭彩霞', 3);
INSERT INTO `user` VALUES (729, '2022004007', 'e10adc3949ba59abbe56e057f20f883e', '杨玲', 3);
INSERT INTO `user` VALUES (730, '2022004008', 'e10adc3949ba59abbe56e057f20f883e', '袁梦知', 3);
INSERT INTO `user` VALUES (731, '2022004009', 'e10adc3949ba59abbe56e057f20f883e', '袁郡', 3);
INSERT INTO `user` VALUES (733, '2022012001', 'e10adc3949ba59abbe56e057f20f883e', '苏圣', 3);
INSERT INTO `user` VALUES (734, '2022012002', 'e10adc3949ba59abbe56e057f20f883e', '廖钦源', 3);
INSERT INTO `user` VALUES (735, '2022012003', 'e10adc3949ba59abbe56e057f20f883e', '罗芷珊', 3);
INSERT INTO `user` VALUES (736, '2022012004', 'e10adc3949ba59abbe56e057f20f883e', '甘承健', 3);
INSERT INTO `user` VALUES (737, '2022012005', 'e10adc3949ba59abbe56e057f20f883e', '黄金水', 3);
INSERT INTO `user` VALUES (738, '2022012006', 'e10adc3949ba59abbe56e057f20f883e', '黎保良', 3);
INSERT INTO `user` VALUES (739, '2022012007', 'e10adc3949ba59abbe56e057f20f883e', '卢月梅', 3);
INSERT INTO `user` VALUES (740, '2022012008', 'e10adc3949ba59abbe56e057f20f883e', '李诗婷', 3);
INSERT INTO `user` VALUES (741, '2022012009', 'e10adc3949ba59abbe56e057f20f883e', '莫家维', 3);
INSERT INTO `user` VALUES (742, '2022012010', 'e10adc3949ba59abbe56e057f20f883e', '徐杰慧', 3);
INSERT INTO `user` VALUES (743, '2023001001', 'e10adc3949ba59abbe56e057f20f883e', '何欣阳', 3);
INSERT INTO `user` VALUES (744, '2023001002', 'e10adc3949ba59abbe56e057f20f883e', '邢芮宁', 3);
INSERT INTO `user` VALUES (745, '2023001003', 'e10adc3949ba59abbe56e057f20f883e', '邢芮', 3);
INSERT INTO `user` VALUES (746, '2023001004', 'e10adc3949ba59abbe56e057f20f883e', '陈芳', 3);
INSERT INTO `user` VALUES (747, '2023001005', 'e10adc3949ba59abbe56e057f20f883e', '席渝程', 3);
INSERT INTO `user` VALUES (748, '2023001006', 'e10adc3949ba59abbe56e057f20f883e', '李欣', 3);
INSERT INTO `user` VALUES (749, '2023001007', 'e10adc3949ba59abbe56e057f20f883e', '陈云兆', 3);
INSERT INTO `user` VALUES (750, '2023001008', 'e10adc3949ba59abbe56e057f20f883e', '鲜娜', 3);
INSERT INTO `user` VALUES (751, '2023001009', 'e10adc3949ba59abbe56e057f20f883e', '肖棚', 3);
INSERT INTO `user` VALUES (752, '2023001010', 'e10adc3949ba59abbe56e057f20f883e', '张宝军', 3);
INSERT INTO `user` VALUES (753, '2023002001', 'e10adc3949ba59abbe56e057f20f883e', '貂蝉', 3);
INSERT INTO `user` VALUES (754, '2023002002', 'e10adc3949ba59abbe56e057f20f883e', '李白', 3);
INSERT INTO `user` VALUES (755, '2023002003', 'e10adc3949ba59abbe56e057f20f883e', '赵云', 3);
INSERT INTO `user` VALUES (756, '2023002004', 'e10adc3949ba59abbe56e057f20f883e', '王昭君', 3);
INSERT INTO `user` VALUES (757, '2023002005', 'e10adc3949ba59abbe56e057f20f883e', '夏侯惇', 3);
INSERT INTO `user` VALUES (758, '2023002006', 'e10adc3949ba59abbe56e057f20f883e', '韩信', 3);
INSERT INTO `user` VALUES (759, '2023002007', 'e10adc3949ba59abbe56e057f20f883e', '杨玉环', 3);
INSERT INTO `user` VALUES (760, '2023002008', 'e10adc3949ba59abbe56e057f20f883e', '武则天', 3);
INSERT INTO `user` VALUES (761, '2023002009', 'e10adc3949ba59abbe56e057f20f883e', '澜', 3);
INSERT INTO `user` VALUES (762, '2023002010', 'e10adc3949ba59abbe56e057f20f883e', '夏洛特', 3);
INSERT INTO `user` VALUES (763, '2023003001', 'e10adc3949ba59abbe56e057f20f883e', '李青', 3);
INSERT INTO `user` VALUES (764, '2023003002', 'e10adc3949ba59abbe56e057f20f883e', '李月', 3);
INSERT INTO `user` VALUES (765, '2023003003', 'e10adc3949ba59abbe56e057f20f883e', '思晴', 3);
INSERT INTO `user` VALUES (766, '2023003004', 'e10adc3949ba59abbe56e057f20f883e', '李少冬', 3);
INSERT INTO `user` VALUES (767, '2023003005', 'e10adc3949ba59abbe56e057f20f883e', '张二狗', 3);
INSERT INTO `user` VALUES (768, '2023003006', 'e10adc3949ba59abbe56e057f20f883e', '朱松', 3);
INSERT INTO `user` VALUES (769, '2023003007', 'e10adc3949ba59abbe56e057f20f883e', '唐洋', 3);
INSERT INTO `user` VALUES (770, '2023003008', 'e10adc3949ba59abbe56e057f20f883e', '陈珊', 3);
INSERT INTO `user` VALUES (771, '2023003009', 'e10adc3949ba59abbe56e057f20f883e', '卓建军', 3);
INSERT INTO `user` VALUES (772, '2023003010', 'e10adc3949ba59abbe56e057f20f883e', '卢布', 3);
INSERT INTO `user` VALUES (773, '2023004001', 'e10adc3949ba59abbe56e057f20f883e', '胡元薰', 3);
INSERT INTO `user` VALUES (774, '2023004002', 'e10adc3949ba59abbe56e057f20f883e', '苟思琪', 3);
INSERT INTO `user` VALUES (775, '2023004003', 'e10adc3949ba59abbe56e057f20f883e', '袁林', 3);
INSERT INTO `user` VALUES (776, '2023004004', 'e10adc3949ba59abbe56e057f20f883e', '罗玲', 3);
INSERT INTO `user` VALUES (777, '2023004005', 'e10adc3949ba59abbe56e057f20f883e', '王瑞祥', 3);
INSERT INTO `user` VALUES (778, '2023004006', 'e10adc3949ba59abbe56e057f20f883e', '周俊竹', 3);
INSERT INTO `user` VALUES (780, '2023004007', 'e10adc3949ba59abbe56e057f20f883e', '韩宛倩', 3);
INSERT INTO `user` VALUES (781, '2023004009', 'e10adc3949ba59abbe56e057f20f883e', '苟纤', 3);
INSERT INTO `user` VALUES (793, '2022002001', 'e10adc3949ba59abbe56e057f20f883e', '夏明升', 3);
INSERT INTO `user` VALUES (794, '2022002002', 'e10adc3949ba59abbe56e057f20f883e', '孙运', 3);
INSERT INTO `user` VALUES (795, '2022002003', 'e10adc3949ba59abbe56e057f20f883e', '王欣乐', 3);
INSERT INTO `user` VALUES (796, '2022002004', 'e10adc3949ba59abbe56e057f20f883e', '陈磊', 3);
INSERT INTO `user` VALUES (797, '2022002005', 'e10adc3949ba59abbe56e057f20f883e', '张玉恒', 3);
INSERT INTO `user` VALUES (798, '2022002006', 'e10adc3949ba59abbe56e057f20f883e', '杨竞茜', 3);
INSERT INTO `user` VALUES (799, '2022002007', 'e10adc3949ba59abbe56e057f20f883e', '王彬', 3);
INSERT INTO `user` VALUES (800, '2022002008', 'e10adc3949ba59abbe56e057f20f883e', '刘欣怡', 3);
INSERT INTO `user` VALUES (801, '2022002009', 'e10adc3949ba59abbe56e057f20f883e', '桂昂', 3);
INSERT INTO `user` VALUES (802, '2022002010', 'e10adc3949ba59abbe56e057f20f883e', '王水玲', 3);
INSERT INTO `user` VALUES (838, '2022001002', 'e10adc3949ba59abbe56e057f20f883e', '梁宇明', 3);
INSERT INTO `user` VALUES (839, '2022001003', 'e10adc3949ba59abbe56e057f20f883e', '李德港', 3);
INSERT INTO `user` VALUES (840, '2022001004', 'e10adc3949ba59abbe56e057f20f883e', '黎电帅', 3);
INSERT INTO `user` VALUES (841, '2022001005', 'e10adc3949ba59abbe56e057f20f883e', '何太孟', 3);
INSERT INTO `user` VALUES (842, '2022001006', 'e10adc3949ba59abbe56e057f20f883e', '罗昌袍', 3);
INSERT INTO `user` VALUES (843, '2022001007', 'e10adc3949ba59abbe56e057f20f883e', '陶成龙', 3);
INSERT INTO `user` VALUES (844, '2022001008', 'e10adc3949ba59abbe56e057f20f883e', '刘安族', 3);
INSERT INTO `user` VALUES (845, '2022001009', 'e10adc3949ba59abbe56e057f20f883e', '孔增', 3);
INSERT INTO `user` VALUES (846, '2022001010', 'e10adc3949ba59abbe56e057f20f883e', '吴海龙', 3);
INSERT INTO `user` VALUES (961, '2022003001', 'e10adc3949ba59abbe56e057f20f883e', '吴林峰', 3);
INSERT INTO `user` VALUES (962, '2022003002', 'e10adc3949ba59abbe56e057f20f883e', '周长久', 3);
INSERT INTO `user` VALUES (963, '2022003003', 'e10adc3949ba59abbe56e057f20f883e', '陈静', 3);
INSERT INTO `user` VALUES (964, '2022003004', 'e10adc3949ba59abbe56e057f20f883e', '郭敏', 3);
INSERT INTO `user` VALUES (965, '2022003005', 'e10adc3949ba59abbe56e057f20f883e', '唐金玉', 3);
INSERT INTO `user` VALUES (966, '2022003006', 'e10adc3949ba59abbe56e057f20f883e', '李芋青', 3);
INSERT INTO `user` VALUES (967, '2022003007', 'e10adc3949ba59abbe56e057f20f883e', '李炬宏', 3);
INSERT INTO `user` VALUES (968, '2022003008', 'e10adc3949ba59abbe56e057f20f883e', '席萍', 3);
INSERT INTO `user` VALUES (969, '2022003009', 'e10adc3949ba59abbe56e057f20f883e', '张二军', 3);
INSERT INTO `user` VALUES (970, '2022003010', 'e10adc3949ba59abbe56e057f20f883e', '鲜广川', 3);
INSERT INTO `user` VALUES (1152, '2024001001', 'e10adc3949ba59abbe56e057f20f883e', '周望', 3);
INSERT INTO `user` VALUES (1153, '2024001002', 'e10adc3949ba59abbe56e057f20f883e', '顾可可', 3);
INSERT INTO `user` VALUES (1154, '2024001003', 'e10adc3949ba59abbe56e057f20f883e', '徐楠', 3);
INSERT INTO `user` VALUES (1155, '2024001004', 'e10adc3949ba59abbe56e057f20f883e', '张家鑫', 3);
INSERT INTO `user` VALUES (1156, '2024001005', 'e10adc3949ba59abbe56e057f20f883e', '王可心', 3);
INSERT INTO `user` VALUES (1157, '2024001006', 'e10adc3949ba59abbe56e057f20f883e', '周欣欣', 3);
INSERT INTO `user` VALUES (1158, '2024001007', 'e10adc3949ba59abbe56e057f20f883e', '顾庆年', 3);
INSERT INTO `user` VALUES (1159, '2024001008', 'e10adc3949ba59abbe56e057f20f883e', '张雅', 3);
INSERT INTO `user` VALUES (1160, '2024001009', 'e10adc3949ba59abbe56e057f20f883e', '李倩', 3);
INSERT INTO `user` VALUES (1161, '2024001010', 'e10adc3949ba59abbe56e057f20f883e', '王行舟', 3);
INSERT INTO `user` VALUES (1162, '2024002001', 'e10adc3949ba59abbe56e057f20f883e', '白羽', 3);
INSERT INTO `user` VALUES (1163, '2024002002', 'e10adc3949ba59abbe56e057f20f883e', '钱瑾', 3);
INSERT INTO `user` VALUES (1164, '2024002003', 'e10adc3949ba59abbe56e057f20f883e', '王青山', 3);
INSERT INTO `user` VALUES (1165, '2024002004', 'e10adc3949ba59abbe56e057f20f883e', '付扬', 3);
INSERT INTO `user` VALUES (1166, '2024002005', 'e10adc3949ba59abbe56e057f20f883e', '王佳欣', 3);
INSERT INTO `user` VALUES (1167, '2024002006', 'e10adc3949ba59abbe56e057f20f883e', '黄文语', 3);
INSERT INTO `user` VALUES (1168, '2024002007', 'e10adc3949ba59abbe56e057f20f883e', '武文行', 3);
INSERT INTO `user` VALUES (1169, '2024002008', 'e10adc3949ba59abbe56e057f20f883e', '徐风', 3);
INSERT INTO `user` VALUES (1170, '2024002009', 'e10adc3949ba59abbe56e057f20f883e', '汪海洋', 3);
INSERT INTO `user` VALUES (1171, '2024002010', 'e10adc3949ba59abbe56e057f20f883e', '陈语铭', 3);
INSERT INTO `user` VALUES (1174, '2022004010', 'e10adc3949ba59abbe56e057f20f883e', '周于莉', 3);
INSERT INTO `user` VALUES (1181, '3020', 'e10adc3949ba59abbe56e057f20f883e', '张俊杰', 4);
INSERT INTO `user` VALUES (1184, '1020', 'e10adc3949ba59abbe56e057f20f883e', '王凯旋', 5);
INSERT INTO `user` VALUES (1185, '2002', 'e10adc3949ba59abbe56e057f20f883e', '罗金', 2);
INSERT INTO `user` VALUES (1186, '1022', 'e10adc3949ba59abbe56e057f20f883e', '周梦婷', 2);
INSERT INTO `user` VALUES (1187, '3011', 'e10adc3949ba59abbe56e057f20f883e', '李仁', 4);
INSERT INTO `user` VALUES (1188, '3009', 'e10adc3949ba59abbe56e057f20f883e', '纪靖', 4);
INSERT INTO `user` VALUES (1189, '3010', 'e10adc3949ba59abbe56e057f20f883e', '刘于', 4);
INSERT INTO `user` VALUES (1190, '3011', 'e10adc3949ba59abbe56e057f20f883e', '李仁', 4);
INSERT INTO `user` VALUES (1191, '3011', 'e10adc3949ba59abbe56e057f20f883e', '李仁', 4);
INSERT INTO `user` VALUES (1192, '1015', 'e10adc3949ba59abbe56e057f20f883e', '花希', 5);

-- ----------------------------
-- Triggers structure for table user
-- ----------------------------
DROP TRIGGER IF EXISTS `prevent_type_change`;
delimiter ;;
CREATE TRIGGER `prevent_type_change` BEFORE UPDATE ON `user` FOR EACH ROW BEGIN
    IF OLD.id = 1 AND OLD.type <> NEW.type THEN
        SIGNAL SQLSTATE '45000' SET MESSAGE_TEXT = 'Cannot change type for id 1';
    END IF;
END
;;
delimiter ;

SET FOREIGN_KEY_CHECKS = 1;
